state_abbr,state_name,year,hs6,shipment_records,total_quantity_kg,total_value_usd
CA,California,2016,290312,1,19940.0,0.0
CA,California,2016,291412,3,129440.0,75542.947421875
CA,California,2016,293299,1,1120.0,19312.72
CA,California,2016,847910,1,1120.0,6473.488
CA,California,2016,850300,1,1130.0,9278.769
CA,California,2016,950590,1,860.0,5295.708
CO,Colorado,2016,281520,1,4070.0,3932.841
CO,Colorado,2016,291550,1,8250.0,19895.7
FL,Florida,2016,282720,1,21080.0,53108.952
FL,Florida,2016,290919,4,79772.0,259372.1552
FL,Florida,2016,292529,1,12240.0,92066.832
FL,Florida,2016,293211,1,100000.0,0.0
FL,Florida,2016,293319,1,570.0,49584.471
FL,Florida,2016,293369,6,113680.0,136796.63199999998
GA,Georgia,2016,290399,5,95180.0,408655.32999999996
GA,Georgia,2016,382499,1,1160.0,11999.62
MA,Massachusetts,2016,847910,1,5840.0,38293.464
MO,Missouri,2016,290244,1,100000.0,18065.66796875
MO,Missouri,2016,290715,1,18360.0,45444.672
MO,Missouri,2016,290719,1,100000.0,17528.734375
NC,North Carolina,2016,291639,30,601800.0,2352556.56
NJ,New Jersey,2016,120110,1,19880.0,55707.736
NJ,New Jersey,2016,290621,3,15810.0,41159.754
NJ,New Jersey,2016,291531,9,178940.0,444576.43
NJ,New Jersey,2016,291620,2,34960.0,1298666.112
NJ,New Jersey,2016,292090,1,23640.0,32348.976
NJ,New Jersey,2016,293214,1,5600.0,220395.28
NJ,New Jersey,2016,293299,2,12600.0,217268.1
NJ,New Jersey,2016,382490,2,34960.0,0.0
NJ,New Jersey,2016,620193,1,480.0,7162.704
NJ,New Jersey,2016,870899,1,7130.0,20081.645
NJ,New Jersey,2016,902290,2,39560.0,1119180.0920000002
NJ,New Jersey,2016,950590,2,6200.0,38573.920000000006
OH,Ohio,2016,290621,1,19980.0,44119.836
OH,Ohio,2016,290949,3,51500.0,3030311.5
OH,Ohio,2016,291533,1,19940.0,30332.728
OH,Ohio,2016,610429,2,40000.0,1075528.0
OH,Ohio,2016,611610,1,10455.0,142296.732
OH,Ohio,2016,621600,1,10455.0,38224.5255
PA,Pennsylvania,2016,282739,1,1140.0,24071.442000000003
PA,Pennsylvania,2016,293139,2,41860.0,146522.558
SC,South Carolina,2016,290290,1,7090.0,22889.356
SC,South Carolina,2016,290311,1,520.0,867.256
SC,South Carolina,2016,291550,1,1770.0,7795.965
SC,South Carolina,2016,291634,1,6050.0,67355.255
SC,South Carolina,2016,292090,1,1090.0,2454.4620000000004
SC,South Carolina,2016,292143,1,7730.0,23738.83
TX,Texas,2016,150420,1,100000.0,0.0
TX,Texas,2016,151530,30,3000000.0,6194920.65625
TX,Texas,2016,151620,1,100000.0,257201.515625
TX,Texas,2016,152200,20,2000000.0,3562418.546875
TX,Texas,2016,220830,2,200000.0,123590.8046875
TX,Texas,2016,220870,2,200000.0,61795.40234375
TX,Texas,2016,282570,1,10.0,99.992
TX,Texas,2016,282590,3,403.0,54311.85799999999
TX,Texas,2016,282619,1,1021.0,14720.42
TX,Texas,2016,282710,1,929.0,2138.096
TX,Texas,2016,282731,5,26350.0,55477.396
TX,Texas,2016,282739,7,953.0,9591.123
TX,Texas,2016,282759,1,50.0,1087.489
TX,Texas,2016,283090,3,2933.0,16421.565
TX,Texas,2016,283230,3,5442.0,28710.009
TX,Texas,2016,283311,12,123602.0,228222.72
TX,Texas,2016,283322,3,2600.0,13398.017
TX,Texas,2016,283329,3,9000.0,34194.229
TX,Texas,2016,283421,18,806900.0,779987.3100625
TX,Texas,2016,283429,1,1.0,2.026
TX,Texas,2016,284170,1,100.0,4000.011
TX,Texas,2016,290290,1,20000.0,32690.0
TX,Texas,2016,290391,12,1200000.0,1123443.546875
TX,Texas,2016,290545,1,100000.0,92116.5859375
TX,Texas,2016,290621,66,6600000.0,5347779.234375
TX,Texas,2016,290719,3,300000.0,187514.203125
TX,Texas,2016,291221,5,500000.0,277937.609375
TX,Texas,2016,291419,4,400000.0,290843.546875
TX,Texas,2016,291429,1,100000.0,92116.5859375
TX,Texas,2016,291524,3,300000.0,276349.7578125
TX,Texas,2016,291529,24,66732.0,199804.638
TX,Texas,2016,291531,3,300000.0,195031.90625
TX,Texas,2016,291539,9,900000.0,540820.34375
TX,Texas,2016,291570,5,500000.0,429967.46875
TX,Texas,2016,291590,3,300000.0,256950.1875
TX,Texas,2016,291619,3,300000.0,258508.2578125
TX,Texas,2016,291631,3,300000.0,178106.5859375
TX,Texas,2016,291712,1,100000.0,0.0
TX,Texas,2016,291719,1,100000.0,22562.431640625
TX,Texas,2016,291720,2,110000.0,105728.236328125
TX,Texas,2016,291733,1,100000.0,86331.46875
TX,Texas,2016,291734,43,4300000.0,3307535.5234375
TX,Texas,2016,291739,1,100000.0,84340.3359375
TX,Texas,2016,291823,3,300000.0,84340.3359375
TX,Texas,2016,292090,5,500000.0,344250.6171875
TX,Texas,2016,292119,1,100000.0,86417.1484375
TX,Texas,2016,292129,2,200000.0,160667.7109375
TX,Texas,2016,292151,1,100000.0,91844.2265625
TX,Texas,2016,292320,7,700000.0,337361.34375
TX,Texas,2016,292419,1,100000.0,84340.3359375
TX,Texas,2016,293090,1,100000.0,84340.3359375
TX,Texas,2016,293211,1,5660.0,12914.422
TX,Texas,2016,293220,2,200000.0,84340.3359375
TX,Texas,2016,293339,18,1022470.0,844696.596375
TX,Texas,2016,293499,1,100000.0,80765.625
TX,Texas,2016,293628,1,100000.0,80765.625
TX,Texas,2016,310210,14,70000.0,169150.862
TX,Texas,2016,310230,8,13301.0,28894.876
TX,Texas,2016,310250,12,101477.0,173536.15999999997
TX,Texas,2016,310430,1,350.0,1714.914
TX,Texas,2016,330210,1,100000.0,320406.21875
TX,Texas,2016,330749,3,300000.0,335143.125
TX,Texas,2016,340242,2,200000.0,264199.9296875
TX,Texas,2016,340420,4,19950.0,35184.563
TX,Texas,2016,380891,9,24874.0,433314.52800000005
TX,Texas,2016,381121,2,200000.0,163712.3125
TX,Texas,2016,381129,1,100000.0,81856.15625
TX,Texas,2016,382000,1,100000.0,44525.76171875
TX,Texas,2016,382319,11,1100000.0,354957.24609375
TX,Texas,2016,382370,1,100000.0,43186.72265625
TX,Texas,2016,382499,16,1510000.0,910802.376953125
TX,Texas,2016,390120,1,100000.0,0.0
TX,Texas,2016,390730,8,800000.0,454640.84375
TX,Texas,2016,392321,1,100000.0,50048.1328125
TX,Texas,2016,392630,3,0.0,0.0
TX,Texas,2016,400220,1,100000.0,98274.9375
TX,Texas,2016,731100,6,6500.0,118125.126
TX,Texas,2016,732690,6,650.0,6499.914
TX,Texas,2016,841940,3,300000.0,3842182.5
TX,Texas,2016,843149,9,4740.0,19509.548
TX,Texas,2016,847910,1,20000.0,112720.0
TX,Texas,2016,850440,1,100000.0,816805.0625
TX,Texas,2016,860900,5,500000.0,743973.375
WI,Wisconsin,2016,290949,1,15920.0,60510.328
WI,Wisconsin,2016,291529,1,9820.0,44202.766
WI,Wisconsin,2016,292119,1,21630.0,76955.214
WI,Wisconsin,2016,292130,1,100000.0,40335.3203125
WI,Wisconsin,2016,292690,4,72000.0,500356.79999999993
WI,Wisconsin,2016,390599,1,9820.0,65565.194
WI,Wisconsin,2016,870310,1,21630.0,136273.326
AZ,Arizona,2017,291422,1,1250.0,5043.25
CA,California,2017,292249,1,930.0,2522.253
CA,California,2017,292429,1,13050.0,114793.02
CA,California,2017,293214,3,4430.0,163494.776
CA,California,2017,310210,4,101500.0,46344.899999999994
CA,California,2017,442199,1,1100.0,4250.84
CA,California,2017,732393,1,19400.0,120506.98
CA,California,2017,847910,1,19300.0,111552.07
CO,Colorado,2017,281520,2,27650.0,26718.195
FL,Florida,2017,290312,1,20950.0,15647.555
FL,Florida,2017,292219,1,19750.0,126378.275
FL,Florida,2017,293211,1,16100.0,36735.37
FL,Florida,2017,300490,2,4080.0,112778.32800000001
FL,Florida,2017,870899,1,550.0,3826.735
GA,Georgia,2017,290110,1,8840.0,17447.508
GA,Georgia,2017,901890,2,11834.0,220536.392
KS,Kansas,2017,870810,1,4520.0,49264.836
KY,Kentucky,2017,291614,2,40000.0,178484.0
MA,Massachusetts,2017,847910,1,5840.0,38293.464
MI,Michigan,2017,950590,1,1990.0,12380.984
MO,Missouri,2017,290719,1,16330.0,104794.509
NC,North Carolina,2017,291614,9,180000.0,617724.0
NC,North Carolina,2017,291639,19,381140.0,1489952.488
NJ,New Jersey,2017,030471,1,24730.0,179433.461
NJ,New Jersey,2017,290621,3,23640.0,61544.376
NJ,New Jersey,2017,291241,1,14340.0,187575.804
NJ,New Jersey,2017,291532,5,99600.0,144748.68
NJ,New Jersey,2017,291539,1,2640.0,11025.168
NJ,New Jersey,2017,291614,13,260000.0,1160145.9999999998
NJ,New Jersey,2017,293190,1,4030.0,28543.281
NJ,New Jersey,2017,293214,1,5600.0,220395.28
NJ,New Jersey,2017,293299,1,2240.0,38625.44
NJ,New Jersey,2017,382499,4,79340.0,820732.63
NJ,New Jersey,2017,392690,1,2640.0,16274.016
NJ,New Jersey,2017,732690,1,2640.0,8647.584
NJ,New Jersey,2017,847910,1,740.0,4852.254
NJ,New Jersey,2017,870899,1,3960.0,11153.34
NJ,New Jersey,2017,871690,1,2840.0,6987.252
NJ,New Jersey,2017,901910,6,119240.0,1101586.816
NJ,New Jersey,2017,950590,1,1050.0,6532.68
NY,New York,2017,847910,1,1530.0,10032.363
OH,Ohio,2017,290949,5,85500.0,5030905.5
OH,Ohio,2017,291412,7,133700.0,196632.59
OH,Ohio,2017,292130,1,15720.0,48785.448
OH,Ohio,2017,340211,2,42280.0,68878.348
OH,Ohio,2017,701399,1,19405.0,60434.932
OH,Ohio,2017,847170,1,16000.0,791420.8
OR,Oregon,2017,291412,2,38400.0,70018.56
OR,Oregon,2017,291570,1,1050.0,1762.74
PA,Pennsylvania,2017,291521,1,14590.0,32995.285
PA,Pennsylvania,2017,293220,1,13620.0,140016.324
PA,Pennsylvania,2017,880240,1,20930.0,0.0
SC,South Carolina,2017,270900,1,7080.0,4486.596
SC,South Carolina,2017,280300,1,4715.0,8011.728
SC,South Carolina,2017,291539,1,4715.0,7008.847499999999
SC,South Carolina,2017,847910,1,6050.0,23120.075
TN,Tennessee,2017,291411,1,16650.0,18648.0
TN,Tennessee,2017,291539,1,3330.0,13906.746
TX,Texas,2017,150420,69,6900000.0,14197622.859375
TX,Texas,2017,151530,113,11300000.0,24168992.140625
TX,Texas,2017,151620,1,100000.0,236584.796875
TX,Texas,2017,152200,10,1000000.0,1675759.328125
TX,Texas,2017,190410,1,501500.0,1039910.4
TX,Texas,2017,220291,1,100000.0,65186.67578125
TX,Texas,2017,280610,4,142.0,1375.9470000000001
TX,Texas,2017,282590,3,229.0,30696.913999999997
TX,Texas,2017,282710,2,4310.0,9422.054
TX,Texas,2017,282731,5,25000.0,52634.873999999996
TX,Texas,2017,282739,8,4511.0,36382.902
TX,Texas,2017,282759,2,100.0,2175.011
TX,Texas,2017,283090,1,18.0,154.867
TX,Texas,2017,283311,6,49531.0,96601.34700000001
TX,Texas,2017,283322,1,700.0,6699.036
TX,Texas,2017,283329,6,10025.0,32513.684999999998
TX,Texas,2017,283421,5,10886.0,34660.751000000004
TX,Texas,2017,283429,5,102053.0,111603.40675
TX,Texas,2017,290219,1,16500.0,28929.45
TX,Texas,2017,290290,3,60000.0,98070.0
TX,Texas,2017,290391,20,2000000.0,1350159.5078125
TX,Texas,2017,290512,1,100000.0,100151.328125
TX,Texas,2017,290516,5,500000.0,396241.8828125
TX,Texas,2017,290517,2,200000.0,209232.5625
TX,Texas,2017,290522,6,600000.0,610887.3359375
TX,Texas,2017,290529,1,100000.0,92999.1640625
TX,Texas,2017,290539,1,100000.0,102030.796875
TX,Texas,2017,290545,1,100000.0,92999.1640625
TX,Texas,2017,290621,75,7500000.0,6583180.6484375
TX,Texas,2017,290719,1,100000.0,96004.8828125
TX,Texas,2017,290919,3,300000.0,209232.5625
TX,Texas,2017,290950,1,100000.0,92999.1640625
TX,Texas,2017,291221,3,300000.0,279523.7109375
TX,Texas,2017,291242,1,100000.0,105013.46875
TX,Texas,2017,291412,2,38200.0,57659.08
TX,Texas,2017,291429,7,700000.0,613652.6484375
TX,Texas,2017,291521,5,500000.0,526590.8984375
TX,Texas,2017,291524,60,6000000.0,4973588.9375
TX,Texas,2017,291529,8,26245.0,78959.108
TX,Texas,2017,291531,13,1224450.0,876262.3784375
TX,Texas,2017,291539,51,5100000.0,4576989.7734375
TX,Texas,2017,291550,5,500000.0,370611.71875
TX,Texas,2017,291560,3,300000.0,173728.2421875
TX,Texas,2017,291570,4,400000.0,275440.2578125
TX,Texas,2017,291619,2,200000.0,180945.28125
TX,Texas,2017,291631,8,800000.0,633950.453125
TX,Texas,2017,291712,1,100000.0,92060.25
TX,Texas,2017,291733,11,1100000.0,817789.140625
TX,Texas,2017,291734,12,1124380.0,842015.5583125
TX,Texas,2017,291739,21,2100000.0,1797096.2578125
TX,Texas,2017,291823,9,900000.0,818238.390625
TX,Texas,2017,292023,1,100000.0,85558.140625
TX,Texas,2017,292090,59,5720000.0,4362788.810546875
TX,Texas,2017,292143,25,2500000.0,1729621.609375
TX,Texas,2017,292159,3,300000.0,284274.75
TX,Texas,2017,292211,2,200000.0,94484.09375
TX,Texas,2017,292219,4,400000.0,369043.90625
TX,Texas,2017,292320,47,4700000.0,3441040.078125
TX,Texas,2017,292419,3,300000.0,183860.734375
TX,Texas,2017,293090,7,700000.0,638858.5078125
TX,Texas,2017,293220,12,1200000.0,921535.359375
TX,Texas,2017,293299,6,600000.0,534016.3125
TX,Texas,2017,293339,20,2000000.0,1740003.84375
TX,Texas,2017,293359,2,110000.0,105789.8740234375
TX,Texas,2017,293628,17,1700000.0,1313564.3125
TX,Texas,2017,310210,17,3378820.0,1528274.934
TX,Texas,2017,310230,5,12900.0,25768.07
TX,Texas,2017,310250,9,35052.0,60228.619999999995
TX,Texas,2017,310430,2,2050.0,10044.965
TX,Texas,2017,330749,17,1700000.0,2441341.046875
TX,Texas,2017,340213,1,1000.0,1684.981
TX,Texas,2017,340239,5,500000.0,648090.25
TX,Texas,2017,340242,3,300000.0,269460.90625
TX,Texas,2017,340420,6,119000.0,212970.035
TX,Texas,2017,380893,10,1000000.0,774858.140625
TX,Texas,2017,381121,2,200000.0,83360.4453125
TX,Texas,2017,381129,9,900000.0,694565.515625
TX,Texas,2017,382000,1,100000.0,43901.66015625
TX,Texas,2017,382319,109,10819930.0,4289752.45140625
TX,Texas,2017,382499,9,823620.0,596267.3824374999
TX,Texas,2017,390730,9,900000.0,565193.6875
TX,Texas,2017,481910,1,5.0,50.006
TX,Texas,2017,691010,1,100000.0,11207.888671875
TX,Texas,2017,731100,15,15479.0,110500.054
TX,Texas,2017,732690,15,1550.0,15999.923999999999
TX,Texas,2017,761100,3,300000.0,680234.8125
TX,Texas,2017,840999,1,2100.0,8452.08
TX,Texas,2017,841940,8,800000.0,9348155.875
TX,Texas,2017,860900,50,4730000.0,8221723.693359375
TX,Texas,2017,870893,1,18840.0,118859.676
TX,Texas,2017,890331,1,100000.0,347800.0625
VT,Vermont,2017,290944,1,20740.0,51227.8
VT,Vermont,2017,291539,1,19920.0,83189.904
WA,Washington,2017,291412,1,19100.0,34828.85
WA,Washington,2017,291539,5,100000.0,345800.0
WA,Washington,2017,870810,1,21560.0,91000.448
CA,California,2018,210220,1,1140.0,6048.726
CA,California,2018,283525,1,5040.0,6906.312
CA,California,2018,291631,1,2460.0,3940.182
CA,California,2018,300490,1,11200.0,168099.68
CA,California,2018,310210,5,101300.0,51318.58
CA,California,2018,390610,1,300.0,927.51
CA,California,2018,392321,1,830.0,2120.484
CA,California,2018,420292,1,280.0,2048.256
CA,California,2018,847910,1,440.0,1541.6279999999997
CA,California,2018,848210,1,3290.0,25064.536
CT,Connecticut,2018,840390,1,1000.0,7219.1
FL,Florida,2018,230910,1,20950.0,161472.125
FL,Florida,2018,290312,4,83800.0,58243.095
FL,Florida,2018,291412,14,267199.0,369178.85380000004
FL,Florida,2018,291713,1,300.0,4125.0
FL,Florida,2018,300490,1,11100.0,119585.85
GA,Georgia,2018,940540,1,1510.0,11318.356
IL,Illinois,2018,871680,4,102020.0,285768.222
MA,Massachusetts,2018,731829,1,5840.0,0.0
MI,Michigan,2018,720299,2,32120.0,49869.512
MI,Michigan,2018,732690,1,210.0,732.564
MO,Missouri,2018,290719,1,16130.0,69712.247
MO,Missouri,2018,380110,1,10130.0,113159.191
NC,North Carolina,2018,291614,2,40000.0,97076.0
NC,North Carolina,2018,291639,1,20060.0,73231.036
NC,North Carolina,2018,291814,12,240760.0,0.0
NC,North Carolina,2018,390690,2,40000.0,0.0
NE,Nebraska,2018,880330,1,1120.0,137329.92
NJ,New Jersey,2018,290219,4,78620.0,508645.98400000005
NJ,New Jersey,2018,291221,1,7260.0,533943.234
NJ,New Jersey,2018,291440,1,7260.0,0.0
NJ,New Jersey,2018,310210,23,495980.0,203974.5
NJ,New Jersey,2018,392010,2,340.0,786.3689999999999
NJ,New Jersey,2018,870899,1,3380.0,10922.131999999998
NM,New Mexico,2018,290290,1,17750.0,33041.625
NY,New York,2018,253010,2,200000.0,122408.2265625
NY,New York,2018,262019,2,49820.0,26882.872000000003
NY,New York,2018,271490,4,400000.0,367111.625
NY,New York,2018,281122,7,397450.0,303640.2664375
NY,New York,2018,282110,2,200000.0,95809.78125
NY,New York,2018,291739,1,520.0,0.0
NY,New York,2018,320611,2,200000.0,112566.265625
NY,New York,2018,382499,1,100000.0,43091.046875
OH,Ohio,2018,290949,3,50320.0,0.0
OH,Ohio,2018,848210,1,690.0,4759.482
PA,Pennsylvania,2018,320412,1,8310.0,0.0
SC,South Carolina,2018,290715,1,17100.0,75896.64
SC,South Carolina,2018,291469,2,18460.0,213008.612
SC,South Carolina,2018,292143,1,17650.0,54203.15
SC,South Carolina,2018,292229,2,11270.0,185263.53399999999
SC,South Carolina,2018,320411,2,3580.0,52837.66799999999
SC,South Carolina,2018,853650,1,2370.0,35951.715
TX,Texas,2018,150420,75,7500000.0,13427080.046875
TX,Texas,2018,151530,145,14500000.0,30435863.75
TX,Texas,2018,152200,17,1700000.0,3825666.484375
TX,Texas,2018,220840,2,200000.0,76674.625
TX,Texas,2018,220890,2,200000.0,153254.25
TX,Texas,2018,280610,5,71.0,396.00700000000006
TX,Texas,2018,280800,1,4260.0,16342.506
TX,Texas,2018,282590,1,105.0,14167.773
TX,Texas,2018,282619,1,816.0,11885.765
TX,Texas,2018,282710,4,17258.0,38469.256
TX,Texas,2018,282731,6,36000.0,75794.431
TX,Texas,2018,282739,13,7229.0,67583.348
TX,Texas,2018,282759,3,175.0,3936.755
TX,Texas,2018,283090,6,579.0,4310.237
TX,Texas,2018,283230,2,9979.0,53505.032
TX,Texas,2018,283311,14,99607.0,195050.532
TX,Texas,2018,283322,6,4950.0,47371.51
TX,Texas,2018,283329,9,23400.0,97593.761
TX,Texas,2018,283421,2,5353.0,17821.056
TX,Texas,2018,283429,9,11400.0,31024.662
TX,Texas,2018,290110,2,116500.0,113622.0375
TX,Texas,2018,290290,2,40000.0,98630.0
TX,Texas,2018,290329,1,100000.0,105404.78125
TX,Texas,2018,290391,8,800000.0,722180.8359375
TX,Texas,2018,290516,2,200000.0,208213.28125
TX,Texas,2018,290517,16,1600000.0,1233608.3203125
TX,Texas,2018,290522,1,100000.0,0.0
TX,Texas,2018,290539,3,300000.0,311940.90625
TX,Texas,2018,290621,45,4500000.0,3854560.3203125
TX,Texas,2018,290919,1,100000.0,105404.78125
TX,Texas,2018,290949,3,300000.0,307115.9453125
TX,Texas,2018,291221,10,1000000.0,831799.5
TX,Texas,2018,291242,1,100000.0,103499.9296875
TX,Texas,2018,291422,1,100000.0,103974.9375
TX,Texas,2018,291429,14,1400000.0,1350823.0546875
TX,Texas,2018,291524,55,5500000.0,4958247.3359375
TX,Texas,2018,291529,41,139925.0,425882.669
TX,Texas,2018,291539,45,4500000.0,3418053.1015625
TX,Texas,2018,291550,12,1200000.0,1009922.828125
TX,Texas,2018,291560,1,100000.0,0.0
TX,Texas,2018,291590,5,500000.0,183175.328125
TX,Texas,2018,291631,5,500000.0,465914.21875
TX,Texas,2018,291712,3,300000.0,183993.1015625
TX,Texas,2018,291713,1,100000.0,91329.4609375
TX,Texas,2018,291733,14,1400000.0,1020801.453125
TX,Texas,2018,291734,3,223550.0,190937.921875
TX,Texas,2018,291739,23,2300000.0,1769120.578125
TX,Texas,2018,291823,16,1600000.0,1198094.7734375
TX,Texas,2018,291990,2,200000.0,182063.234375
TX,Texas,2018,292019,6,600000.0,554181.0234375
TX,Texas,2018,292023,6,600000.0,455962.078125
TX,Texas,2018,292024,2,200000.0,182361.078125
TX,Texas,2018,292090,66,6600000.0,4539168.4375
TX,Texas,2018,292111,4,400000.0,358883.609375
TX,Texas,2018,292129,2,200000.0,92989.6796875
TX,Texas,2018,292142,5,500000.0,460168.0078125
TX,Texas,2018,292143,19,1900000.0,1671690.265625
TX,Texas,2018,292159,4,400000.0,373913.8046875
TX,Texas,2018,292211,1,100000.0,90617.28125
TX,Texas,2018,292219,1,100000.0,0.0
TX,Texas,2018,292250,1,100000.0,0.0
TX,Texas,2018,292320,40,4000000.0,3061380.7109375
TX,Texas,2018,292390,11,1100000.0,847086.171875
TX,Texas,2018,292419,1,100000.0,92989.6796875
TX,Texas,2018,293090,1,100000.0,92989.6796875
TX,Texas,2018,293190,2,200000.0,96059.375
TX,Texas,2018,293220,9,900000.0,741938.125
TX,Texas,2018,293339,25,2167200.0,1424789.0302734375
TX,Texas,2018,293359,10,1000000.0,649294.2734375
TX,Texas,2018,293399,1,100000.0,92989.6796875
TX,Texas,2018,294000,1,4380.0,13897.74
TX,Texas,2018,310210,23,258110.0,219251.815
TX,Texas,2018,310230,7,19000.0,40518.097
TX,Texas,2018,310250,14,95530.0,168620.79200000002
TX,Texas,2018,330749,11,1100000.0,1527002.203125
TX,Texas,2018,340242,22,2200000.0,2609999.3359375
TX,Texas,2018,380110,2,47080.0,113980.67999999998
TX,Texas,2018,380892,1,100000.0,85833.6484375
TX,Texas,2018,380893,2,119928.0,236512.7938125
TX,Texas,2018,381121,2,48180.0,146163.666
TX,Texas,2018,381129,14,1400000.0,926557.8359375
TX,Texas,2018,382319,50,5000000.0,1925691.76953125
TX,Texas,2018,382370,4,400000.0,132448.43359375
TX,Texas,2018,382499,14,1400000.0,847599.58203125
TX,Texas,2018,390730,5,500000.0,327302.59375
TX,Texas,2018,420212,1,350.0,3831.345
TX,Texas,2018,691010,1,100000.0,10678.771484375
TX,Texas,2018,731100,5,8170.0,13000.057
TX,Texas,2018,732690,5,600.0,6000.025
TX,Texas,2018,761100,6,600000.0,1713326.28125
TX,Texas,2018,841940,1,100000.0,1436931.125
TX,Texas,2018,860900,101,10100000.0,16469185.71875
TX,Texas,2018,870899,1,680.0,4753.54
TX,Texas,2018,890331,1,100000.0,349310.6875
TX,Texas,2018,890332,1,100000.0,349155.75
WA,Washington,2018,210220,1,2650.0,13827.965
WA,Washington,2018,291521,4,84890.0,61378.155
WA,Washington,2018,291590,7,700000.0,1358625.1875
WA,Washington,2018,291830,1,540.0,9720.0
WA,Washington,2018,330730,1,390.0,1263.21
WI,Wisconsin,2018,291511,1,100000.0,30278.0234375
CA,California,2019,291570,1,400.0,2851.12
CA,California,2019,291631,1,4440.0,7392.156
CA,California,2019,291830,1,1300.0,5530.07
CA,California,2019,292249,2,5250.0,24640.350000000002
CA,California,2019,292419,1,1970.0,9898.068
CA,California,2019,293299,1,1120.0,10838.016
CA,California,2019,310210,11,222860.0,147974.988
CA,California,2019,340212,1,10700.0,24733.05
CA,California,2019,390610,1,300.0,1061.94
CA,California,2019,848180,1,2240.0,20726.72
CT,Connecticut,2019,293220,1,910.0,17937.738
FL,Florida,2019,291713,2,900.0,12375.0
GA,Georgia,2019,291719,1,1120.0,4011.392
GA,Georgia,2019,291739,1,10280.0,23988.38
GA,Georgia,2019,847910,1,3020.0,19802.442
GA,Georgia,2019,853931,1,3245.0,20057.345000000005
GA,Georgia,2019,853950,3,8328.0,85911.96889999999
GA,Georgia,2019,940540,4,21126.0,145240.0831
IL,Illinois,2019,293359,1,6440.0,254389.65999999997
IL,Illinois,2019,382200,1,4110.0,48632.397
MA,Massachusetts,2019,291829,2,11680.0,130976.016
MA,Massachusetts,2019,294200,2,120.0,24750.0
MA,Massachusetts,2019,382200,1,8.0,3000.0
MI,Michigan,2019,720299,1,16060.0,31431.026
MO,Missouri,2019,290399,1,6.0,2309.03
MO,Missouri,2019,290499,1,1.0,683.4000000000001
MO,Missouri,2019,290719,1,18360.0,117821.628
MO,Missouri,2019,290899,1,2.0,975.0
MO,Missouri,2019,290930,1,1.0,1.0
MO,Missouri,2019,291249,1,5.0,1700.0
MO,Missouri,2019,291300,1,7.0,828.7499999999999
MO,Missouri,2019,291479,1,7.0,600.0
MO,Missouri,2019,291611,1,52.0,8307.6
MO,Missouri,2019,291719,1,6.0,3200.0
MO,Missouri,2019,292159,1,1.0,1.0
MO,Missouri,2019,292229,4,241.0,23953.0
MO,Missouri,2019,292239,1,1.0,500.0
MO,Missouri,2019,292419,1,23.0,400.0
MO,Missouri,2019,293090,3,35.0,3599.6
MO,Missouri,2019,293190,3,25.0,11176.59
MO,Missouri,2019,293219,2,2.0,3603.0
MO,Missouri,2019,293359,3,27.0,13083.33
MO,Missouri,2019,293399,1,6.0,2344.16
MO,Missouri,2019,293410,1,1.0,700.0
MO,Missouri,2019,293499,4,37.0,3831.13
NC,North Carolina,2019,290539,1,11440.0,21461.44
NC,North Carolina,2019,292142,7,74360.0,205322.26
NJ,New Jersey,2019,283429,3,6000.0,17679.176000000003
NJ,New Jersey,2019,290611,1,550.0,17849.645
NJ,New Jersey,2019,291221,3,19580.0,1347013.932
NJ,New Jersey,2019,320419,2,2240.0,52850.112
NJ,New Jersey,2019,330499,2,270.0,4999.157999999999
NY,New York,2019,250610,1,25287.0,34973.9933
NY,New York,2019,250700,2,200000.0,78337.103515625
NY,New York,2019,252330,1,100000.0,30153.865234375
NY,New York,2019,253010,2,200000.0,48183.23828125
NY,New York,2019,281122,2,50574.0,38223.3304
NY,New York,2019,392310,4,98400.0,445653.6
OH,Ohio,2019,290949,1,16800.0,988528.8
OH,Ohio,2019,291249,1,12.0,2750.0
OH,Ohio,2019,292130,1,17680.0,59940.50400000001
OH,Ohio,2019,292159,4,48.0,9002.0
SC,South Carolina,2019,282739,1,11710.0,241388.769
SC,South Carolina,2019,292142,1,11440.0,32218.472
SC,South Carolina,2019,320419,1,21140.0,217391.076
SC,South Carolina,2019,847910,1,2760.0,18097.596
TN,Tennessee,2019,282739,1,5160.0,108954.948
TN,Tennessee,2019,382499,1,1010.0,10447.945
TX,Texas,2019,150420,22,2200000.0,3667781.640625
TX,Texas,2019,151530,40,4000000.0,5522335.359375
TX,Texas,2019,152200,3,300000.0,562433.421875
TX,Texas,2019,280610,7,245.0,1221.844
TX,Texas,2019,280800,1,4380.0,17282.474
TX,Texas,2019,282110,2,200000.0,83396.484375
TX,Texas,2019,282619,2,817.0,12120.818
TX,Texas,2019,282710,5,11583.0,26335.446
TX,Texas,2019,282731,9,41850.0,89986.704
TX,Texas,2019,282739,17,10154.0,74883.97
TX,Texas,2019,282759,1,100.0,2351.604
TX,Texas,2019,283090,5,16540.0,96439.44499999999
TX,Texas,2019,283230,5,13836.0,78661.093
TX,Texas,2019,283311,17,112853.0,226527.157
TX,Texas,2019,283322,5,4900.0,47295.013
TX,Texas,2019,283325,1,408.0,5520.059
TX,Texas,2019,283329,12,22550.0,83316.13
TX,Texas,2019,283421,11,12564.0,45005.692
TX,Texas,2019,283429,13,116402.0,49402.188
TX,Texas,2019,290250,1,100000.0,78051.984375
TX,Texas,2019,290391,5,500000.0,407926.109375
TX,Texas,2019,290517,5,500000.0,332300.8984375
TX,Texas,2019,290522,7,700000.0,398544.25
TX,Texas,2019,290539,2,200000.0,171893.359375
TX,Texas,2019,290621,17,1600408.0,1057128.97575
TX,Texas,2019,290629,1,100000.0,73852.765625
TX,Texas,2019,290719,1,100000.0,83097.5
TX,Texas,2019,290919,5,500000.0,234155.953125
TX,Texas,2019,291429,35,3500000.0,2128545.1796875
TX,Texas,2019,291524,30,3000000.0,1785605.3359375
TX,Texas,2019,291529,33,103017.0,305496.17
TX,Texas,2019,291531,15,1500000.0,968799.5078125
TX,Texas,2019,291539,29,2900000.0,1924193.3359375
TX,Texas,2019,291550,2,200000.0,146848.640625
TX,Texas,2019,291570,2,200000.0,146032.421875
TX,Texas,2019,291590,1,100000.0,74839.8125
TX,Texas,2019,291619,2,200000.0,144987.953125
TX,Texas,2019,291733,7,700000.0,218493.046875
TX,Texas,2019,291734,4,400000.0,302115.421875
TX,Texas,2019,291739,44,4400000.0,2338280.8046875
TX,Texas,2019,291823,29,2900000.0,1437056.6171875
TX,Texas,2019,291899,1,100000.0,71826.6171875
TX,Texas,2019,291990,7,700000.0,502786.3203125
TX,Texas,2019,292019,1,100000.0,0.0
TX,Texas,2019,292023,1,100000.0,0.0
TX,Texas,2019,292024,1,100000.0,71826.6171875
TX,Texas,2019,292090,24,2400000.0,1602724.9921875
TX,Texas,2019,292142,6,600000.0,364737.6171875
TX,Texas,2019,292159,11,1100000.0,662181.125
TX,Texas,2019,292211,2,200000.0,131283.765625
TX,Texas,2019,292219,5,500000.0,360743.78125
TX,Texas,2019,292320,23,2300000.0,1546602.03125
TX,Texas,2019,292390,14,1400000.0,967064.4921875
TX,Texas,2019,293090,3,300000.0,204445.1015625
TX,Texas,2019,293190,1,100000.0,73161.3359375
TX,Texas,2019,293219,19,1900000.0,1045616.890625
TX,Texas,2019,293220,9,900000.0,510905.5390625
TX,Texas,2019,293339,5,333580.0,500782.9426796875
TX,Texas,2019,293354,1,100000.0,73493.875
TX,Texas,2019,293359,1,100000.0,77592.1171875
TX,Texas,2019,310210,17,50000.0,182248.358
TX,Texas,2019,310230,11,27900.0,63678.769
TX,Texas,2019,310250,14,111853.0,202917.633
TX,Texas,2019,330749,13,1300000.0,1371791.71875
TX,Texas,2019,340242,55,5500000.0,4336217.34375
TX,Texas,2019,340250,5,500000.0,391223.71875
TX,Texas,2019,381121,3,300000.0,183599.91015625
TX,Texas,2019,381129,10,1000000.0,534100.74609375
TX,Texas,2019,382319,37,3700000.0,1150587.318359375
TX,Texas,2019,382499,1,100000.0,0.0
TX,Texas,2019,481910,1,1.0,45.018
TX,Texas,2019,630532,1,100000.0,10788.7177734375
TX,Texas,2019,690723,2,200000.0,3556.254638671875
TX,Texas,2019,731010,1,100000.0,104749.1171875
TX,Texas,2019,731100,11,12878.0,38799.998999999996
TX,Texas,2019,732690,5,2369.0,3999.963
TX,Texas,2019,761100,5,500000.0,1094383.5
TX,Texas,2019,860900,53,2600000.0,5245234.65625
TX,Texas,2019,870810,1,3630.0,12107.502
TX,Texas,2019,890332,1,100000.0,0.0
UT,Utah,2019,210690,1,12.0,10568.008535242288
UT,Utah,2019,293627,1,19.0,15750.0
WA,Washington,2019,291830,1,900.0,5763.96
WA,Washington,2019,340213,1,5310.0,14835.078
WA,Washington,2019,732690,1,1280.0,4192.768
WA,Washington,2019,902790,1,21240.0,1163376.396
WI,Wisconsin,2019,290399,1,2.0,4772.73
WI,Wisconsin,2019,290930,1,1.0,3000.0
WI,Wisconsin,2019,291440,1,1.0,2077.538824604141
WI,Wisconsin,2019,291590,1,1.0,8080.0
WI,Wisconsin,2019,291639,2,2.0,34.96
WI,Wisconsin,2019,293339,2,2.0,2209.0
WI,Wisconsin,2019,293359,1,1.0,1.0
WI,Wisconsin,2019,293399,2,2.0,3.5
WI,Wisconsin,2019,293499,2,2.0,500.5
WI,Wisconsin,2019,293590,1,31.0,1300.0
WI,Wisconsin,2019,320412,4,4.0,7.5
CA,California,2020,130219,1,12.0,2450.0
CA,California,2020,210610,2,1120.0,4318.048
CA,California,2020,283110,6,115630.0,179102.011
CA,California,2020,290512,3,37950.0,53184.062890625006
CA,California,2020,290613,6,10340.0,152429.178
CA,California,2020,291211,2,28510.0,0.0
CA,California,2020,291521,1,19030.0,18068.985
CA,California,2020,291550,1,19300.0,46543.87999999999
CA,California,2020,291631,2,9430.0,15700.007
CA,California,2020,292249,7,16680.0,78285.912
CA,California,2020,292419,4,7880.0,39592.272
CA,California,2020,293220,1,2220.0,43760.196
CA,California,2020,293299,1,3580.0,34642.944
CA,California,2020,293329,1,56.0,100.0
CA,California,2020,310210,10,202600.0,124566.584
CA,California,2020,390610,1,110.0,389.378
CA,California,2020,392321,1,2240.0,4955.104
CA,California,2020,481920,1,3140.0,10805.996
CA,California,2020,732690,1,14260.0,80087.012
CA,California,2020,841221,1,4700.0,21120.86
CA,California,2020,842531,1,1340.0,6892.692
CA,California,2020,842839,1,2460.0,22907.766
CA,California,2020,847910,2,1000.0,5779.9
CT,Connecticut,2020,290512,3,46220.0,141368.492
FL,Florida,2020,290512,1,17140.0,42157.544
FL,Florida,2020,291429,1,2190.0,12142.455
GA,Georgia,2020,282510,1,250.0,760.0
GA,Georgia,2020,291719,1,1120.0,2048.144
GA,Georgia,2020,291734,1,22580.0,34818.36
GA,Georgia,2020,291739,1,5140.0,11994.19
GA,Georgia,2020,293379,2,4170.0,14712.594000000001
GA,Georgia,2020,390110,1,5140.0,5251.538
GA,Georgia,2020,853931,1,2515.0,19458.8065
GA,Georgia,2020,940540,4,31143.0,234495.85749999998
GA,Georgia,2020,940599,1,4893.0,31781.190800000004
IN,Indiana,2020,292241,1,18140.0,72625.304
KY,Kentucky,2020,290512,1,18600.0,127904.76
KY,Kentucky,2020,291219,1,2.0,6200.000000000001
KY,Kentucky,2020,291639,1,27.0,2000.0
KY,Kentucky,2020,291899,3,210.0,12030.0
KY,Kentucky,2020,293220,5,323.0,72500.0
KY,Kentucky,2020,293339,1,27.0,18000.0
KY,Kentucky,2020,293399,2,11.0,54000.0
KY,Kentucky,2020,293410,2,129.0,18000.0
MA,Massachusetts,2020,291829,1,5840.0,65488.008
MA,Massachusetts,2020,294200,1,2.0,1250.0
MA,Massachusetts,2020,847910,2,11680.0,76586.92800000001
MI,Michigan,2020,293321,1,2.0,1.0
MI,Michigan,2020,293499,1,2.0,40.0
MI,Michigan,2020,720260,1,16060.0,0.0
MO,Missouri,2020,282690,1,23.0,13.4633924670104
MO,Missouri,2020,290410,1,1.0,1512.9610656421287
MO,Missouri,2020,290719,1,16130.0,65108.745
MO,Missouri,2020,290899,1,2.0,2826.0
MO,Missouri,2020,290949,1,10.0,3850.0
MO,Missouri,2020,291440,1,1.0,2396.0921854060857
MO,Missouri,2020,291590,2,13.0,10200.133325038458
MO,Missouri,2020,292119,1,6.0,4000.0
MO,Missouri,2020,292149,1,6.0,15000.0
MO,Missouri,2020,292159,1,22.0,10600.0
MO,Missouri,2020,292229,3,103.0,10643.957325645119
MO,Missouri,2020,292690,1,14.0,5381.0
MO,Missouri,2020,292990,1,5.0,4659.6
MO,Missouri,2020,293190,4,27.0,21208.769658617573
MO,Missouri,2020,293219,1,1.0,558.7152392882998
MO,Missouri,2020,293329,1,1.0,1635.2
MO,Missouri,2020,293339,1,1.0,5908.0
MO,Missouri,2020,293590,1,19.0,719.75
MO,Missouri,2020,320419,1,2.0,250.0
MO,Missouri,2020,320490,1,5.0,1000.0
MO,Missouri,2020,382499,1,23.0,19.505365725771217
MO,Missouri,2020,720529,1,23.0,15.173905444376476
MO,Missouri,2020,760120,1,5.0,1800.0
NC,North Carolina,2020,291219,1,2.0,6200.0
NC,North Carolina,2020,292142,3,34320.0,87796.28
NJ,New Jersey,2020,151590,1,50.0,266.625
NJ,New Jersey,2020,283429,12,46000.0,147725.101
NJ,New Jersey,2020,290613,1,18.0,2175.0
NJ,New Jersey,2020,290621,2,12640.0,27074.167999999998
NJ,New Jersey,2020,291221,3,11760.0,809033.904
NJ,New Jersey,2020,291249,2,7841.0,152342.632
NJ,New Jersey,2020,291531,1,26280.0,65292.66
NJ,New Jersey,2020,291539,2,17215.0,76330.64
NJ,New Jersey,2020,292090,1,20500.0,27314.2
NJ,New Jersey,2020,293331,1,1.0,12000.0
NJ,New Jersey,2020,293359,1,1.0,12000.000000000002
NJ,New Jersey,2020,293410,1,1.0,9000.0
NJ,New Jersey,2020,293499,1,3.0,540.0
NJ,New Jersey,2020,330499,2,100.0,1851.54
NJ,New Jersey,2020,380110,3,59910.0,216532.713
NJ,New Jersey,2020,380894,1,8.0,1399.9999999999998
NJ,New Jersey,2020,870310,1,18000.0,55494.0
NY,New York,2020,382490,1,20500.0,0.0
NY,New York,2020,731100,2,6300.0,15491.070000000002
OH,Ohio,2020,291241,1,8090.0,107158.522
OH,Ohio,2020,291419,1,16840.0,152732.064
OH,Ohio,2020,291521,1,18280.0,41340.22000000001
OH,Ohio,2020,291631,1,105.0,9500.0
OH,Ohio,2020,291634,1,3.0,3450.0
OH,Ohio,2020,291639,2,5.0,5750.0
OH,Ohio,2020,292159,2,57.0,26500.0
OH,Ohio,2020,292229,2,3270.0,38120.679000000004
OH,Ohio,2020,293399,5,122.0,98500.0
OR,Oregon,2020,291412,4,72000.0,131292.0
OR,Oregon,2020,291429,1,2.0,935.0
PA,Pennsylvania,2020,853950,1,2030.0,23255.274000000005
TN,Tennessee,2020,282739,2,11660.0,246204.398
TN,Tennessee,2020,291632,1,1040.0,11516.96
TN,Tennessee,2020,330129,1,1040.0,26794.456
TX,Texas,2020,150210,4,400000.0,1332413.875
TX,Texas,2020,150420,25,2100040.0,6022975.96471405
TX,Texas,2020,151530,21,2100000.0,4452725.625
TX,Texas,2020,152200,3,300000.0,737246.34375
TX,Texas,2020,210690,1,100000.0,74763.7265625
TX,Texas,2020,271019,2,31520.0,179203.808
TX,Texas,2020,280610,5,546.0,1708.191
TX,Texas,2020,282619,1,544.0,8080.55
TX,Texas,2020,282710,7,11584.0,26544.34
TX,Texas,2020,282731,7,47200.0,102035.359
TX,Texas,2020,282739,5,4229.0,18160.856
TX,Texas,2020,282759,3,225.0,8981.178
TX,Texas,2020,283090,10,8799.0,52409.316
TX,Texas,2020,283230,1,9072.0,51329.982
TX,Texas,2020,283311,15,122786.0,247654.29700000002
TX,Texas,2020,283322,10,6450.0,63630.906
TX,Texas,2020,283329,22,39450.0,149569.704
TX,Texas,2020,283421,8,4910.0,17575.085
TX,Texas,2020,283429,35,139428.0,253086.512
TX,Texas,2020,290391,1,100000.0,118024.828125
TX,Texas,2020,290512,1,100000.0,129208.6796875
TX,Texas,2020,290517,5,500000.0,317731.71875
TX,Texas,2020,290522,13,1300000.0,1137162.265625
TX,Texas,2020,290621,38,3800000.0,3355469.7734375
TX,Texas,2020,290629,2,200000.0,0.0
TX,Texas,2020,290919,9,900000.0,632741.1328125
TX,Texas,2020,291429,22,2200000.0,2419460.96875
TX,Texas,2020,291524,9,900000.0,957038.2421875
TX,Texas,2020,291529,43,111312.0,341736.112
TX,Texas,2020,291539,23,2300000.0,1820521.9921875
TX,Texas,2020,291550,2,200000.0,224320.421875
TX,Texas,2020,291560,1,100000.0,79027.171875
TX,Texas,2020,291570,1,100000.0,79027.171875
TX,Texas,2020,291590,1,100000.0,89857.765625
TX,Texas,2020,291619,1,100000.0,124385.6484375
TX,Texas,2020,291712,1,100000.0,79027.171875
TX,Texas,2020,291734,9,900000.0,904368.234375
TX,Texas,2020,291739,20,2000000.0,1417235.2890625
TX,Texas,2020,291819,1,100000.0,108622.515625
TX,Texas,2020,291823,18,1800000.0,1666445.953125
TX,Texas,2020,292019,8,80.0,767.6211471557617
TX,Texas,2020,292090,74,1100630.0,1002404.4960784912
TX,Texas,2020,292159,1,100000.0,0.0
TX,Texas,2020,292211,1,100000.0,0.0
TX,Texas,2020,292320,9,900000.0,840181.8515625
TX,Texas,2020,292419,1,100000.0,115697.90625
TX,Texas,2020,293090,4,400000.0,366450.859375
TX,Texas,2020,293219,4,400000.0,268157.4375
TX,Texas,2020,293220,13,1300000.0,1131529.90625
TX,Texas,2020,293331,1,100000.0,102070.734375
TX,Texas,2020,293339,4,100030.0,79416.01913452148
TX,Texas,2020,293379,1,100000.0,0.0
TX,Texas,2020,293399,1,100000.0,89857.765625
TX,Texas,2020,293499,6,600000.0,449288.828125
TX,Texas,2020,293628,11,1100000.0,847192.8984375
TX,Texas,2020,310210,16,55250.0,208154.791
TX,Texas,2020,310230,6,16000.0,35177.375
TX,Texas,2020,310250,13,15050.0,36228.51
TX,Texas,2020,340242,17,1700000.0,1337968.546875
TX,Texas,2020,382319,16,1600000.0,504270.705078125
TX,Texas,2020,382499,6,600000.0,284687.21875
TX,Texas,2020,400260,1,1203000.0,1998664.2
TX,Texas,2020,420222,1,620.0,8222.874
TX,Texas,2020,731010,1,100000.0,67759.0703125
TX,Texas,2020,731100,8,8734.0,46999.958
TX,Texas,2020,732690,7,2021.0,6999.963
TX,Texas,2020,761100,3,300000.0,528391.71875
TX,Texas,2020,860900,25,700000.0,938324.375
UT,Utah,2020,293627,2,25.0,21000.0
UT,Utah,2020,300490,1,1.0,3800.0
UT,Utah,2020,901890,1,37.0,2400.0
WA,Washington,2020,271019,2,31520.0,179203.80799999996
WA,Washington,2020,290230,1,107600.0,256000.0
WA,Washington,2020,290512,12,377956.0,555920.952
WA,Washington,2020,291590,1,100000.0,182299.3125
WA,Washington,2020,292249,2,200000.0,445256.71875
WA,Washington,2020,382499,2,200000.0,187567.4375
WI,Wisconsin,2020,283429,1,56.0,3750.0
WI,Wisconsin,2020,284390,3,11.0,22921.0
WI,Wisconsin,2020,290512,1,100000.0,33354.96875
WI,Wisconsin,2020,290899,1,1.0,5.0
WI,Wisconsin,2020,290930,1,7.0,1146.0
WI,Wisconsin,2020,291249,1,4.0,1416.1
WI,Wisconsin,2020,291300,1,2.0,1134.75
WI,Wisconsin,2020,291440,1,7.0,1161.3
WI,Wisconsin,2020,291450,1,7.0,400.0
WI,Wisconsin,2020,291590,1,5.0,1500.0000000000002
WI,Wisconsin,2020,291631,1,13.0,600.0
WI,Wisconsin,2020,291639,1,600.0,22400.0
WI,Wisconsin,2020,291719,1,5.0,2300.0
WI,Wisconsin,2020,291899,1,1.0,479.4
WI,Wisconsin,2020,292090,1,13.0,2272.5
WI,Wisconsin,2020,292145,2,6.0,2548.0
WI,Wisconsin,2020,292149,3,317.0,3301.5
WI,Wisconsin,2020,292219,1,1.0,8080.0
WI,Wisconsin,2020,292229,1,13.0,1001.45
WI,Wisconsin,2020,292249,1,7.0,500.0
WI,Wisconsin,2020,292429,1,2.0,500.0
WI,Wisconsin,2020,292690,1,117.0,41680.20728487866
WI,Wisconsin,2020,292700,1,3.0,27.152637161315212
WI,Wisconsin,2020,293090,3,21.0,1050.59
WI,Wisconsin,2020,293120,2,3.0,4302.0
WI,Wisconsin,2020,293190,1,1.0,1.0
WI,Wisconsin,2020,293329,1,1.0,604.8
WI,Wisconsin,2020,293339,2,3.0,2401.0
WI,Wisconsin,2020,293359,1,5.0,600.0
WI,Wisconsin,2020,293399,3,20.0,21513.576318580657
WI,Wisconsin,2020,293499,2,4.0,490000.0
WI,Wisconsin,2020,293690,1,7.0,4500.0
WI,Wisconsin,2020,293920,1,13.0,2799.9999999999995
WI,Wisconsin,2020,320490,1,1.0,13.332503845805812
WI,Wisconsin,2020,382200,1,1.0,2.0
WI,Wisconsin,2020,760120,1,1.0,1.0
AZ,Arizona,2021,290311,1,210.0,299.25
AZ,Arizona,2021,903190,6,66.0,1686.0
CA,California,2021,283526,1,18940.0,20843.47
CA,California,2021,290329,1,100000.0,206742.140625
CA,California,2021,290542,1,20050.0,33637.885
CA,California,2021,290613,1,4820.0,71054.994
CA,California,2021,291211,1,14260.0,0.0
CA,California,2021,291539,1,15920.0,37087.232
CA,California,2021,291719,1,6210.0,22241.736000000004
CA,California,2021,292249,2,8840.0,41489.656
CA,California,2021,292419,5,12970.0,73083.552
CA,California,2021,293040,1,5080.0,11676.38
CA,California,2021,293220,1,1270.0,25033.986
CA,California,2021,293625,1,430.0,18143.076
CA,California,2021,310210,8,162080.0,106065.152
CA,California,2021,340490,2,200000.0,612870.0625
CA,California,2021,390720,1,19720.0,44965.543999999994
CA,California,2021,390729,2,200000.0,179685.90625
CA,California,2021,390931,1,100000.0,103191.28125
CA,California,2021,391190,10,1000000.0,819783.28125
CA,California,2021,392620,1,2540.0,9163.304
CA,California,2021,630622,1,0.0,0.0
CT,Connecticut,2021,290944,1,20260.0,41532.985
CT,Connecticut,2021,293399,1,3.0,18000.0
DE,Delaware,2021,290339,1,16000.0,101456.0
DE,Delaware,2021,340211,1,700.0,1266.93
DE,Delaware,2021,460199,1,400.0,3522.96
GA,Georgia,2021,291461,7,155960.0,639282.2679999999
GA,Georgia,2021,291719,1,1120.0,2048.144
GA,Georgia,2021,291734,1,23640.0,36452.88
GA,Georgia,2021,291739,2,30160.0,70378.36
GA,Georgia,2021,701090,1,22280.0,20410.708
IL,Illinois,2021,293590,1,114.0,1000.0
KY,Kentucky,2021,291219,1,3.0,6200.0
KY,Kentucky,2021,291429,1,6.0,6250.0
KY,Kentucky,2021,291612,1,19940.0,25285.914
KY,Kentucky,2021,291899,1,63.0,4250.0
KY,Kentucky,2021,293220,2,185.0,22300.0
KY,Kentucky,2021,293399,1,63.0,36000.0
KY,Kentucky,2021,293410,1,122.0,9000.0
LA,Louisiana,2021,290532,2,42320.0,76848.888
LA,Louisiana,2021,390720,3,63480.0,127036.176
MA,Massachusetts,2021,291829,3,17520.0,196464.024
MA,Massachusetts,2021,392310,1,720.0,3228.264
MA,Massachusetts,2021,420222,1,355.0,3224.536
MA,Massachusetts,2021,621490,1,355.0,9259.5005
MD,Maryland,2021,282739,1,1010.0,21326.453
MD,Maryland,2021,292910,2,40000.0,162584.0
MO,Missouri,2021,760120,1,2.0,2116.2315080287212
NC,North Carolina,2021,290949,1,17440.0,0.0
NC,North Carolina,2021,291829,3,28840.0,109398.772
NC,North Carolina,2021,292090,3,28840.0,109840.024
NH,New Hampshire,2021,930120,1,1090.0,0.0
NJ,New Jersey,2021,151590,1,1580.0,8425.35
NJ,New Jersey,2021,282619,1,544.0,8080.571
NJ,New Jersey,2021,283311,1,5443.0,11170.783
NJ,New Jersey,2021,283329,1,375.0,2265.592
NJ,New Jersey,2021,283421,2,318.0,1181.489
NJ,New Jersey,2021,283429,10,25850.0,85710.542
NJ,New Jersey,2021,290219,2,200000.0,547306.5625
NJ,New Jersey,2021,290529,3,48300.0,2354948.61
NJ,New Jersey,2021,291221,5,31330.0,2155359.8819999998
NJ,New Jersey,2021,291521,1,8400.0,7975.799999999999
NJ,New Jersey,2021,291529,4,2845.0,13425.582999999999
NJ,New Jersey,2021,291531,4,49200.0,101144.856
NJ,New Jersey,2021,291533,1,6570.0,9394.443
NJ,New Jersey,2021,292090,1,100000.0,315665.21875
NJ,New Jersey,2021,292529,1,6.0,2623.6138977765813
NJ,New Jersey,2021,293299,1,10000.0,38515.9453125
NJ,New Jersey,2021,293399,1,3.0,15800.0
NJ,New Jersey,2021,310000,2,17520.0,0.0
NJ,New Jersey,2021,310210,2,2000.0,8066.513
NJ,New Jersey,2021,310230,4,27000.0,67725.03600000001
NJ,New Jersey,2021,310250,3,5050.0,12601.687
NJ,New Jersey,2021,330300,2,80.0,2924.456
NJ,New Jersey,2021,330499,10,4190.0,58993.446
NJ,New Jersey,2021,391190,5,500000.0,462833.921875
NJ,New Jersey,2021,670210,1,790.0,5602.048
NJ,New Jersey,2021,847910,1,20000.0,136766.0
NJ,New Jersey,2021,940350,1,1010.0,2651.351
NY,New York,2021,230990,1,100000.0,57195.7734375
NY,New York,2021,252620,1,100000.0,57195.7734375
NY,New York,2021,262019,1,25020.0,15662.520000000002
NY,New York,2021,271490,1,100000.0,115559.296875
NY,New York,2021,282110,1,100000.0,0.0
NY,New York,2021,290532,1,21160.0,35760.4
NY,New York,2021,291631,1,19720.0,40715.884
NY,New York,2021,291733,10,237089.0,351191.6161
NY,New York,2021,291739,5,95040.0,78987.744
NY,New York,2021,292211,11,236372.0,0.0
NY,New York,2021,611190,1,25020.0,871161.372
OH,Ohio,2021,292229,1,1310.0,15271.587
OH,Ohio,2021,420222,1,1310.0,10950.945
OR,Oregon,2021,151590,1,1200.0,12649.92
PA,Pennsylvania,2021,291631,1,19720.0,40715.884
PA,Pennsylvania,2021,292151,1,19170.0,79576.587
RI,Rhode Island,2021,320411,1,530.0,0.0
SC,South Carolina,2021,190120,1,100000.0,352019.1875
SC,South Carolina,2021,292142,2,22880.0,55577.808
SC,South Carolina,2021,292690,2,36000.0,219150.0
TN,Tennessee,2021,291632,1,2080.0,23033.92
TX,Texas,2021,150420,6,600000.0,1795760.625
TX,Texas,2021,152200,1,100000.0,360568.40625
TX,Texas,2021,251820,7,143220.0,0.0
TX,Texas,2021,271019,6,97180.0,552507.172
TX,Texas,2021,280610,4,651.0,381.75399999999996
TX,Texas,2021,282710,5,12280.0,28739.216
TX,Texas,2021,282731,7,54100.0,117347.80799999999
TX,Texas,2021,282739,3,3307.0,18829.206
TX,Texas,2021,282759,1,50.0,1269.32
TX,Texas,2021,283090,11,11788.0,71846.522
TX,Texas,2021,283230,3,11567.0,67651.144
TX,Texas,2021,283311,12,77201.0,157932.00900000002
TX,Texas,2021,283322,8,7300.0,73148.789
TX,Texas,2021,283329,16,42246.0,165226.872
TX,Texas,2021,283421,5,2359.0,8445.943
TX,Texas,2021,283429,29,39000.0,129425.118
TX,Texas,2021,290250,1,100000.0,161326.5625
TX,Texas,2021,290312,1,19440.0,40046.392
TX,Texas,2021,290391,2,200000.0,328944.3125
TX,Texas,2021,290517,2,200000.0,318860.96875
TX,Texas,2021,290532,2,38600.0,91868.01199999999
TX,Texas,2021,290919,1,100000.0,161326.5625
TX,Texas,2021,291411,2,200000.0,164472.15625
TX,Texas,2021,291429,10,1000000.0,1228767.6015625
TX,Texas,2021,291524,3,300000.0,322653.125
TX,Texas,2021,291529,44,144988.0,506945.41
TX,Texas,2021,291531,1,420.0,1043.49
TX,Texas,2021,291539,19,1900000.0,2639723.40625
TX,Texas,2021,291550,2,200000.0,317401.25
TX,Texas,2021,291560,1,100000.0,0.0
TX,Texas,2021,291612,1,100000.0,161805.484375
TX,Texas,2021,291619,3,300000.0,452864.890625
TX,Texas,2021,291713,2,200000.0,145607.140625
TX,Texas,2021,291734,11,1100000.0,1232083.0078125
TX,Texas,2021,291739,11,1100000.0,1210983.40625
TX,Texas,2021,291823,2,200000.0,317401.25
TX,Texas,2021,292090,15,1500000.0,2164667.625
TX,Texas,2021,292121,1,100000.0,0.0
TX,Texas,2021,292143,7,700000.0,940821.328125
TX,Texas,2021,292159,1,100000.0,0.0
TX,Texas,2021,292320,2,200000.0,297358.96875
TX,Texas,2021,292390,1,100000.0,161805.484375
TX,Texas,2021,292690,1,100000.0,161805.484375
TX,Texas,2021,293090,3,300000.0,479206.734375
TX,Texas,2021,293219,8,800000.0,588527.6171875
TX,Texas,2021,293220,12,1200000.0,1502119.828125
TX,Texas,2021,293339,1,3530.0,8115.823
TX,Texas,2021,293628,6,600000.0,630249.53125
TX,Texas,2021,310210,18,45200.0,174265.455
TX,Texas,2021,310230,2,7000.0,15502.404
TX,Texas,2021,310250,14,16058.0,38225.329
TX,Texas,2021,330749,3,300000.0,595659.6875
TX,Texas,2021,340242,2,200000.0,454051.28125
TX,Texas,2021,382499,6,600000.0,768907.859375
TX,Texas,2021,390730,3,61640.0,184929.10199999998
TX,Texas,2021,400211,1,100000.0,132855.84375
TX,Texas,2021,400260,13,196271.0,3789208.4401000002
TX,Texas,2021,401310,1,100000.0,382974.15625
TX,Texas,2021,690210,2,40920.0,83787.792
TX,Texas,2021,731029,1,1.0,15.007
TX,Texas,2021,731100,8,9453.0,27449.963
TX,Texas,2021,732690,8,2061.0,4700.027
TX,Texas,2021,761100,2,200000.0,482983.6875
TX,Texas,2021,810520,10,151120.0,10521125.52
TX,Texas,2021,841112,1,100000.0,1279342.375
TX,Texas,2021,841940,4,400000.0,3464611.9375
TX,Texas,2021,843149,1,18000.0,81145.8
TX,Texas,2021,848180,1,420.0,3886.26
TX,Texas,2021,860900,4,303540.0,497017.21875
TX,Texas,2021,870899,1,14600.0,73237.98
WA,Washington,2021,291560,1,19040.0,123036.48
WA,Washington,2021,292090,1,19040.0,25368.895999999997
WI,Wisconsin,2021,293499,2,7.0,695200.0
CA,California,2022,281830,2,23620.0,26889.01967306596
CA,California,2022,290290,1,14256.0,49896.0
CA,California,2022,291090,3,5922.0,31511.83645805354
CA,California,2022,291533,1,10000.0,81999.14452493691
CA,California,2022,291814,12,1200000.0,254704.162109375
CA,California,2022,292249,2,5580.0,38095.96362128407
CA,California,2022,292250,2,4194.0,69931.91068655354
CA,California,2022,293214,1,1000.0,62999.975
CA,California,2022,310210,9,181540.0,76154.95692307691
CA,California,2022,380110,1,10000.0,53812.960480406495
CA,California,2022,392310,1,10.0,10.004
CA,California,2022,401519,2,28510.0,139458.13819562737
CA,California,2022,848350,1,3520.0,31347.07464358637
CA,California,2022,950300,1,1050.0,9331.815398710947
CO,Colorado,2022,940350,1,17459.0,53008.93115493131
FL,Florida,2022,290532,1,1130.0,2590.609465165825
FL,Florida,2022,290545,1,1810.0,1961.4909330966411
FL,Florida,2022,701090,1,25788.0,29501.109845419545
GA,Georgia,2022,291461,13,289643.0,961411.3477088213
GA,Georgia,2022,291739,2,40032.0,141089.67792225687
IA,Iowa,2022,290719,4,32256.0,80743.46933146798
IL,Illinois,2022,290312,2,125270.0,63632.78053125
IL,Illinois,2022,292519,1,1210.0,19682.180333498683
IL,Illinois,2022,292529,1,15120.0,97755.25767725674
IL,Illinois,2022,390710,1,16290.0,40386.84068922635
KS,Kansas,2022,282739,1,3300.0,27316.190518114192
MA,Massachusetts,2022,291429,1,836.0,6563.717402447116
MA,Massachusetts,2022,392350,1,0.45359237,0.0
MA,Massachusetts,2022,420222,1,355.0,3453.144558067189
MA,Massachusetts,2022,621490,1,355.0,10581.83677001434
MD,Maryland,2022,292910,7,140000.0,547750.6793905547
MI,Michigan,2022,290941,2,3632.0,12155.019512195122
MI,Michigan,2022,293319,2,20570.0,2124516.57946346
MI,Michigan,2022,720299,1,16060.0,31431.026
MI,Michigan,2022,940130,1,1190.0,3644.4057984113833
NC,North Carolina,2022,291639,1,20080.0,73747.55427350427
NC,North Carolina,2022,291815,3,60000.0,97702.6662094444
NC,North Carolina,2022,292142,1,11440.0,34025.992
NC,North Carolina,2022,292390,1,2.0,0.0
NJ,New Jersey,2022,283429,8,55200.0,211840.87
NJ,New Jersey,2022,290529,3,48296.0,1181895.0555577269
NJ,New Jersey,2022,291521,1,20290.0,26725.988
NJ,New Jersey,2022,310210,1,2300.0,11093.372
NJ,New Jersey,2022,310230,2,9500.0,30931.988999999998
NJ,New Jersey,2022,310250,1,3000.0,8268.021
NJ,New Jersey,2022,330499,2,886.0,7782.871029247362
NY,New York,2022,290399,8,152064.0,286895.9939983672
NY,New York,2022,290919,1,1200.0,10151.32974240004
NY,New York,2022,291631,4,78880.0,162966.25802294927
NY,New York,2022,291739,3,223500.0,272627.7953125
NY,New York,2022,292129,4,154030.0,261470.4096900432
NY,New York,2022,292211,37,788021.0,1618341.7308923765
OH,Ohio,2022,280800,1,8104.0,13776.022
OH,Ohio,2022,290930,1,8400.0,46200.0
OH,Ohio,2022,290949,1,8400.0,34241.413625924986
OH,Ohio,2022,292229,2,2618.0,28759.59049802214
OR,Oregon,2022,151590,1,2535.0,10235.89804105793
OR,Oregon,2022,291412,9,171900.0,190719.70244920568
PA,Pennsylvania,2022,382499,1,1.0,0.0
PA,Pennsylvania,2022,390730,1,9495.0,55015.0509986573
SC,South Carolina,2022,292141,1,4360.0,13072.323111929783
SC,South Carolina,2022,292229,1,3020.0,31445.852629605328
SC,South Carolina,2022,293319,2,6550.0,826282.5
TN,Tennessee,2022,291632,2,6248.0,59636.89743718704
TN,Tennessee,2022,390740,1,1008.0,4159.6265588808865
TX,Texas,2022,120921,1,100000.0,222686.453125
TX,Texas,2022,150420,19,1900000.0,4500540.109375
TX,Texas,2022,151319,1,119.0,227.63018181723015
TX,Texas,2022,151530,3,300000.0,565845.6875
TX,Texas,2022,152200,4,400000.0,1028710.625
TX,Texas,2022,230400,12,1200000.0,567732.171875
TX,Texas,2022,271012,9,900000.0,670753.3828125
TX,Texas,2022,271220,1,100000.0,279382.375
TX,Texas,2022,271290,3,300000.0,778099.03125
TX,Texas,2022,280110,1,9667.0,1273.2454830513266
TX,Texas,2022,280610,1,753.0,75.317
TX,Texas,2022,280800,1,4826.0,21863.515
TX,Texas,2022,282619,1,544.0,8080.561
TX,Texas,2022,282710,4,16330.0,41657.599
TX,Texas,2022,282720,1,50.0,812.48
TX,Texas,2022,282731,10,71600.0,164489.612
TX,Texas,2022,282739,12,8655.0,67494.581
TX,Texas,2022,282759,4,175.0,5077.305
TX,Texas,2022,283090,13,20032.0,161195.994
TX,Texas,2022,283230,4,12520.0,82726.523
TX,Texas,2022,283311,10,41368.0,91195.251
TX,Texas,2022,283322,9,17150.0,189654.707
TX,Texas,2022,283325,1,272.0,4249.06
TX,Texas,2022,283329,13,25150.0,130513.993
TX,Texas,2022,283421,5,1224.0,5492.786
TX,Texas,2022,283429,14,28756.0,98195.811
TX,Texas,2022,283720,1,100.0,2800.01
TX,Texas,2022,290124,2,2253290.0,3329010.6459999997
TX,Texas,2022,290322,1,638.0,3040.0
TX,Texas,2022,290391,1,100000.0,0.0
TX,Texas,2022,290512,1,100000.0,138279.46875
TX,Texas,2022,290517,13,1300000.0,1677451.3671875
TX,Texas,2022,290522,5,500000.0,400795.5703125
TX,Texas,2022,290532,6,280200.0,487483.9345
TX,Texas,2022,290621,17,1700000.0,1652650.3125
TX,Texas,2022,290719,1,100000.0,139503.59375
TX,Texas,2022,290919,3,300000.0,411471.9375
TX,Texas,2022,291030,18,1800000.0,1628908.8125
TX,Texas,2022,291221,1,100000.0,0.0
TX,Texas,2022,291429,10,1000000.0,1085294.140625
TX,Texas,2022,291524,17,1700000.0,2173262.46875
TX,Texas,2022,291529,35,135563.0,636988.162
TX,Texas,2022,291539,31,3100000.0,3716837.640625
TX,Texas,2022,291550,3,300000.0,335787.15625
TX,Texas,2022,291560,11,1100000.0,1059767.078125
TX,Texas,2022,291570,4,400000.0,382288.6875
TX,Texas,2022,291590,2,200000.0,579124.625
TX,Texas,2022,291619,2,200000.0,257412.296875
TX,Texas,2022,291712,1,100000.0,132523.9375
TX,Texas,2022,291733,1,100000.0,0.0
TX,Texas,2022,291734,23,2300000.0,2353890.078125
TX,Texas,2022,291739,51,5100000.0,5464850.25
TX,Texas,2022,291815,2,200000.0,133357.5
TX,Texas,2022,291823,2,200000.0,266715.0
TX,Texas,2022,292019,1,100000.0,132529.921875
TX,Texas,2022,292023,22,2200000.0,2501007.34375
TX,Texas,2022,292090,38,3800000.0,4470479.359375
TX,Texas,2022,292121,2,200000.0,254645.234375
TX,Texas,2022,292143,2,200000.0,265047.875
TX,Texas,2022,292151,1,100000.0,122410.390625
TX,Texas,2022,292159,3,300000.0,417069.703125
TX,Texas,2022,292320,27,2700000.0,2877054.625
TX,Texas,2022,293090,3,300000.0,397589.765625
TX,Texas,2022,293219,16,1600000.0,1787570.6953125
TX,Texas,2022,293220,16,1600000.0,1825821.875
TX,Texas,2022,293299,1,100000.0,137627.578125
TX,Texas,2022,293339,2,200000.0,122410.390625
TX,Texas,2022,293399,9,900000.0,928512.828125
TX,Texas,2022,293628,32,3200000.0,3445914.296875
TX,Texas,2022,294200,5,500000.0,670360.484375
TX,Texas,2022,310210,18,50350.0,222134.396
TX,Texas,2022,310250,12,48650.0,133054.45
TX,Texas,2022,330210,3,300000.0,399699.8125
TX,Texas,2022,330499,1,0.5,0.0
TX,Texas,2022,340242,4,400000.0,609530.671875
TX,Texas,2022,380892,1,9667.0,105714.38540582584
TX,Texas,2022,380893,3,300000.0,253178.765625
TX,Texas,2022,381121,5,500000.0,509436.8515625
TX,Texas,2022,381129,17,1700000.0,1967729.625
TX,Texas,2022,381190,2,200000.0,133224.171875
TX,Texas,2022,382312,2,200000.0,61727.07421875
TX,Texas,2022,382319,30,3000000.0,1478344.36328125
TX,Texas,2022,382499,10,1000000.0,972306.8984375
TX,Texas,2022,390791,1,100000.0,112918.6328125
TX,Texas,2022,391110,1,416.0,1134.6249720395472
TX,Texas,2022,392510,3,300000.0,262001.1640625
TX,Texas,2022,400211,33,3300000.0,3735625.125
TX,Texas,2022,400299,1,26850.0,129084.36573712582
TX,Texas,2022,691090,19,1900000.0,160390.2158203125
TX,Texas,2022,731100,2,4512.0,9750.006000000001
TX,Texas,2022,732690,2,1311.0,1300.006
TX,Texas,2022,841940,2,200000.0,932106.5625
TX,Texas,2022,860900,15,1500000.0,2520354.984375
VA,Virginia,2022,292121,1,1000.0,3999.756591796875
VA,Virginia,2022,292129,1,5660.0,26329.25383132041
VA,Virginia,2022,330210,1,808.0,7652.615613539728
WA,Washington,2022,290532,1,18490.0,40493.075
WA,Washington,2022,291614,2,10452.0,40398.26803587178
WA,Washington,2022,731511,1,3762.0,22907.309432590395
WI,Wisconsin,2022,290290,1,261.0,899.9616610179598
WI,Wisconsin,2022,290559,2,1100.0,9334.03221777482
CA,California,2023,281511,2,40320.0,49334.65327024049
CA,California,2023,282731,1,0.0,0.0
CA,California,2023,283321,1,0.0,0.0
CA,California,2023,283522,1,19552.0,54257.7856163463
CA,California,2023,290399,1,10860.0,44970.1845069335
CA,California,2023,290532,1,20000.0,1157410.1472728497
CA,California,2023,290949,2,40000.0,182380.46338489035
CA,California,2023,291090,5,9870.0,61067.85649291227
CA,California,2023,291211,1,14456.0,159085.0256380843
CA,California,2023,291521,1,19026.0,26829.730973087
CA,California,2023,291533,5,90000.0,294109.5001265239
CA,California,2023,291539,1,15920.0,56121.9801980198
CA,California,2023,292229,2,3438.0,46792.2895489407
CA,California,2023,292242,1,4125.0,10008.267893944072
CA,California,2023,292249,3,6875.0,72317.4270586267
CA,California,2023,292250,7,12707.0,203062.47952653922
CA,California,2023,292419,2,3948.0,32548.612255579246
CA,California,2023,293040,1,468.0,1965.6
CA,California,2023,293090,1,580.0,4790.416333197224
CA,California,2023,293399,4,8695.0,171882.69434329652
CA,California,2023,310210,18,403200.0,85600.33709198813
CA,California,2023,350400,1,0.0,0.0
CA,California,2023,382440,1,9939.0,25820.188352071
CA,California,2023,392321,1,9939.0,28692.858750986
CA,California,2023,940490,1,10860.0,50449.3940916865
CT,Connecticut,2023,293211,3,35024.0,164510.42763622914
DE,Delaware,2023,230910,1,7924.0,47631.5069165465
DE,Delaware,2023,290339,1,18000.0,48407.83986655546
DE,Delaware,2023,291614,1,16720.0,62314.30392745216
DE,Delaware,2023,291719,1,1714.0,8008.127210258613
DE,Delaware,2023,292219,2,30480.0,268716.60259222856
FL,Florida,2023,290544,1,2449.0,2981.9241951766685
FL,Florida,2023,292219,2,200000.0,158095.28125
FL,Florida,2023,340211,1,14020.0,22260.1838261489
FL,Florida,2023,340239,2,42060.0,100552.0462324987
FL,Florida,2023,382499,1,2449.0,8228.88617454557
GA,Georgia,2023,291461,1,22281.0,111405.0
IA,Iowa,2023,290719,7,58212.0,552466.8765237571
IA,Iowa,2023,380110,1,8316.0,58744.4941624795
IL,Illinois,2023,292519,1,1632.0,20457.221456483127
IL,Illinois,2023,330499,1,1.0,0.0
IL,Illinois,2023,848180,1,20000.0,277414.1456615879
KS,Kansas,2023,282739,1,2040.0,40038.6255924171
KS,Kansas,2023,291614,5,185300.0,370638.8482763236
MA,Massachusetts,2023,292119,1,400.0,1164.533897218079
MA,Massachusetts,2023,420221,1,98.0,3443.0573094914
MA,Massachusetts,2023,980400,1,550.0,0.0
MA,Massachusetts,2023,980500,1,550.0,0.0
MD,Maryland,2023,292910,1,20000.0,189119.66244829225
ME,Maine,2023,290219,2,0.0,101331.55400000002
MI,Michigan,2023,293319,4,43400.0,5454195.912403658
NC,North Carolina,2023,290950,2,0.0,0.0
NC,North Carolina,2023,292142,2,11440.0,290130.1428762184
NC,North Carolina,2023,292249,1,0.0,0.0
NC,North Carolina,2023,293090,1,1383.0,15315.8080256527
NC,North Carolina,2023,293339,1,0.0,0.0
NC,North Carolina,2023,293399,1,0.0,0.0
NC,North Carolina,2023,293410,1,0.0,0.0
NJ,New Jersey,2023,283421,1,1497.0,9043.581
NJ,New Jersey,2023,283429,7,27300.0,111968.417
NJ,New Jersey,2023,290219,1,378.0,1390.8651622434
NJ,New Jersey,2023,290529,3,32192.0,586067.0608413971
NJ,New Jersey,2023,291469,1,5040.0,15554.605590392175
NJ,New Jersey,2023,291560,1,0.0,0.0
NJ,New Jersey,2023,291632,1,8857.0,48271.50792853555
NJ,New Jersey,2023,293329,1,1512.0,171362.783831283
NJ,New Jersey,2023,310210,146,2913750.0,3887437.274701559
NJ,New Jersey,2023,310230,10,32450.0,101617.87
NJ,New Jersey,2023,310250,1,1100.0,3650.51
NJ,New Jersey,2023,330499,2,361.0,3847.433118530365
NJ,New Jersey,2023,380110,2,945.0,5982.823068424101
NJ,New Jersey,2023,844130,1,5040.0,135973.33803065
NY,New York,2023,121020,2,12672.0,179417.3981072554
NY,New York,2023,130120,4,44000.0,256150.6923185412
NY,New York,2023,282739,7,79200.0,191436.56242985927
NY,New York,2023,290124,7,11540444.0,19027363.341337297
NY,New York,2023,290399,22,336894.0,792206.1467248112
NY,New York,2023,290539,2,22000.0,49424.3613426212
NY,New York,2023,290613,3,4256.0,129707.66475836391
NY,New York,2023,290621,1,19926.0,49877.18527460773
NY,New York,2023,290629,1,7489.0,62670.60632911392
NY,New York,2023,290949,2,22000.0,96029.8605308522
NY,New York,2023,291712,1,17226.0,19088.74372881356
NY,New York,2023,291739,4,91210.0,381750.51775842375
NY,New York,2023,292211,17,330036.0,744893.464035351
NY,New York,2023,293220,3,29598.0,112194.88530682802
NY,New York,2023,340242,1,7489.0,44509.79385288267
NY,New York,2023,380110,3,30834.0,41627.20743947053
OH,Ohio,2023,280910,1,20000.0,76062.50000000001
OH,Ohio,2023,290949,1,16800.0,71536.76373353238
OH,Ohio,2023,292229,1,1308.0,10453.928490803008
OR,Oregon,2023,151590,1,327.0,1155.262355612719
OR,Oregon,2023,290611,1,327.0,1873.1298387096776
OR,Oregon,2023,291412,23,439300.0,541162.2901732964
PA,Pennsylvania,2023,390730,1,18990.0,160417.73822066543
TX,Texas,2023,150420,29,2900000.0,6204782.03125
TX,Texas,2023,151530,13,1300000.0,2103021.203125
TX,Texas,2023,152200,25,2500000.0,5032757.71875
TX,Texas,2023,230400,75,7500000.0,4842450.0546875
TX,Texas,2023,230910,1,7819.0,53478.31816779721
TX,Texas,2023,280610,2,172.0,17.205
TX,Texas,2023,281820,1,9990.0,21379.638555202524
TX,Texas,2023,282619,1,544.0,8080.541
TX,Texas,2023,282731,2,8950.0,23296.853
TX,Texas,2023,282739,1,1361.0,7725.626
TX,Texas,2023,283090,2,2413.0,19149.337
TX,Texas,2023,283311,1,544.0,1409.388
TX,Texas,2023,283322,2,3000.0,36200.395000000004
TX,Texas,2023,283325,1,1.0,0.979
TX,Texas,2023,283329,3,4102.0,20344.099
TX,Texas,2023,283421,4,7531.0,39969.524000000005
TX,Texas,2023,283429,1,4000.0,14699.207
TX,Texas,2023,290110,1,100000.0,115842.3046875
TX,Texas,2023,290124,68,3560814.0,6712734.670660102
TX,Texas,2023,290369,1,18840.0,108875.2181818182
TX,Texas,2023,290516,5,500000.0,584282.2109375
TX,Texas,2023,290517,1,100000.0,137609.375
TX,Texas,2023,290522,11,1100000.0,1229216.84375
TX,Texas,2023,290532,4,400000.0,541417.484375
TX,Texas,2023,290539,1,100000.0,117109.9765625
TX,Texas,2023,290621,27,2700000.0,2641819.6796875
TX,Texas,2023,290719,1,100000.0,211131.078125
TX,Texas,2023,290919,3,300000.0,357676.078125
TX,Texas,2023,290949,1,100000.0,117196.1640625
TX,Texas,2023,291221,8,709990.0,872958.225
TX,Texas,2023,291411,5,500000.0,464636.890625
TX,Texas,2023,291429,41,4100000.0,4502456.09375
TX,Texas,2023,291440,2,200000.0,252024.65625
TX,Texas,2023,291524,43,4300000.0,4485543.3359375
TX,Texas,2023,291529,8,33384.0,128301.109
TX,Texas,2023,291531,2,200000.0,249447.59375
TX,Texas,2023,291539,38,3800000.0,4121234.6171875
TX,Texas,2023,291560,5,500000.0,590782.078125
TX,Texas,2023,291590,2,200000.0,219234.28125
TX,Texas,2023,291719,1,3528.0,13618.9225074627
TX,Texas,2023,291734,28,2800000.0,2811883.4609375
TX,Texas,2023,291739,14,1400000.0,1462521.390625
TX,Texas,2023,292019,1,100000.0,131109.40625
TX,Texas,2023,292022,1,100000.0,108860.546875
TX,Texas,2023,292023,21,2100000.0,2494389.40625
TX,Texas,2023,292090,29,2900000.0,3037402.3828125
TX,Texas,2023,292111,15,1500000.0,1547396.8359375
TX,Texas,2023,292121,1,100000.0,126661.140625
TX,Texas,2023,292129,2,200000.0,261951.09375
TX,Texas,2023,292130,5,500000.0,516260.09375
TX,Texas,2023,292143,10,1000000.0,1075418.2890625
TX,Texas,2023,292159,8,800000.0,928635.953125
TX,Texas,2023,292217,2,200000.0,237597.875
TX,Texas,2023,292310,1,7819.0,1149654.4255319147
TX,Texas,2023,292320,44,4400000.0,4498280.9609375
TX,Texas,2023,292419,33,3300000.0,3584101.5859375
TX,Texas,2023,292690,2,200000.0,240204.171875
TX,Texas,2023,293040,2,200000.0,240204.171875
TX,Texas,2023,293090,1,100000.0,110454.96875
TX,Texas,2023,293219,2,200000.0,260483.0625
TX,Texas,2023,293220,29,2900000.0,3169981.28125
TX,Texas,2023,293299,3,300000.0,354611.8984375
TX,Texas,2023,293379,1,100000.0,150440.890625
TX,Texas,2023,293399,3,100020.0,135262.64306640625
TX,Texas,2023,293628,35,3500000.0,3625617.7109375
TX,Texas,2023,294200,14,1400000.0,1356787.2890625
TX,Texas,2023,310210,2,1300.0,4430.018
TX,Texas,2023,310250,1,3250.0,10235.26
TX,Texas,2023,320413,1,100000.0,91404.7421875
TX,Texas,2023,330210,10,1000000.0,2237453.28125
TX,Texas,2023,330749,2,200000.0,483933.34375
TX,Texas,2023,340242,10,1000000.0,1380685.703125
TX,Texas,2023,380110,1,9420.0,56440.0503609169
TX,Texas,2023,381121,3,300000.0,318308.2265625
TX,Texas,2023,381129,2,200000.0,0.0
TX,Texas,2023,382319,2,200000.0,107740.24609375
TX,Texas,2023,382440,1,19878.0,49780.1900471859
TX,Texas,2023,382499,15,1500000.0,1043748.3203125
TX,Texas,2023,390729,5,500000.0,420361.328125
TX,Texas,2023,390730,5,500000.0,407876.28125
TX,Texas,2023,392510,2,200000.0,247485.796875
TX,Texas,2023,691090,4,400000.0,62043.4443359375
TX,Texas,2023,731100,5,7283.0,11324.953000000001
TX,Texas,2023,732690,5,1626.0,850.0
TX,Texas,2023,761100,1,100000.0,227201.546875
TX,Texas,2023,841940,1,100000.0,911254.6875
TX,Texas,2023,860900,28,2080000.0,3110538.10546875
UT,Utah,2023,283010,14,253400.0,188783.0
WA,Washington,2023,291614,1,7524.0,33399.378000000004
WA,Washington,2023,292249,1,7535.0,73518.86457456148
WA,Washington,2023,293040,1,275.0,680.5295956868
WA,Washington,2023,293399,1,2800.0,63072.2083507296
WA,Washington,2023,391190,1,3564.0,27460.687112586333
WI,Wisconsin,2023,290559,2,1100.0,33484.89917843844
AZ,Arizona,2024,292143,1,208.0,3148.4961635935
CA,California,2024,283699,1,21084.0,17297.8519148936
CA,California,2024,290613,1,2108.0,34143.6598483765
CA,California,2024,290949,1,16720.0,70336.1849896446
CA,California,2024,291090,3,5922.0,104549.847999345
CA,California,2024,291631,2,9836.0,18728.294503232
CA,California,2024,291719,2,2679.0,10201.3553692415
CA,California,2024,291829,1,0.0,0.0
CA,California,2024,291830,1,1080.0,4803.7389546636
CA,California,2024,292121,1,220.0,531.4150326797
CA,California,2024,292130,1,16720.0,37667.7714285714
CA,California,2024,292242,1,249.0,640.4053636364
CA,California,2024,292249,25,50335.0,223621.8762118321
CA,California,2024,292250,7,16953.0,373810.47200280416
CA,California,2024,292419,3,6488.0,30269.3031277516
CA,California,2024,293040,4,7381.0,26510.0009015125
CA,California,2024,293399,11,18761.0,305259.3531756348
CA,California,2024,382440,2,29717.0,70410.8232104147
CA,California,2024,382499,1,9839.0,47483.1598399476
CA,California,2024,392321,1,19878.0,42089.3478783389
CA,California,2024,790111,1,1915.0,5699.2509240701
CA,California,2024,870880,1,1200.0,4981.1029131154
CT,Connecticut,2024,293211,2,31840.0,60480.0
FL,Florida,2024,290532,1,447.0,821.5102847664
FL,Florida,2024,290545,2,10301.0,42282.8402702882
FL,Florida,2024,390599,1,20160.0,72670.1030927835
FL,Florida,2024,853810,1,447.0,3552.5013834108
GA,Georgia,2024,291461,7,146335.0,718696.8520522491
IA,Iowa,2024,290719,11,116424.0,784772.1945408628
IL,Illinois,2024,290290,1,20000.0,58640.2805611222
IL,Illinois,2024,290719,2,20000.0,0.0
IL,Illinois,2024,294200,2,20000.0,1359853.968253968
KS,Kansas,2024,282739,5,3200.0,96799.92836770209
KS,Kansas,2024,391690,1,570.0,2509.6451353883
KS,Kansas,2024,611011,1,350.0,18091.7851920776
KS,Kansas,2024,731815,1,570.0,1285.4354335875
KS,Kansas,2024,854442,1,570.0,5812.6964849911
KY,Kentucky,2024,291590,1,975.0,8349.7245452326
KY,Kentucky,2024,291612,1,20000.0,85462.0662805976
KY,Kentucky,2024,291614,3,50000.0,154766.7500888331
KY,Kentucky,2024,380110,1,10000.0,46072.9637198476
LA,Louisiana,2024,291990,2,200000.0,121378.328125
MA,Massachusetts,2024,291429,1,836.0,10935.921156893
MA,Massachusetts,2024,291823,1,545.0,1767.98
MA,Massachusetts,2024,410712,1,25.0,288.1662804171
MA,Massachusetts,2024,848210,1,0.0,0.0
MA,Massachusetts,2024,850511,1,0.0,0.0
MA,Massachusetts,2024,870891,1,545.0,3415.0716115554
MD,Maryland,2024,284190,1,2016.0,8001.5157894737
MI,Michigan,2024,290941,1,3181.0,5337.7513089005
MI,Michigan,2024,293319,4,43130.0,6590832.14604602
NC,North Carolina,2024,291469,2,34560.0,495652.3442857143
NC,North Carolina,2024,292129,1,0.0,0.0
NC,North Carolina,2024,292142,1,11440.0,30471.014427157
NC,North Carolina,2024,293090,1,4590.0,112594.6700832799
NC,North Carolina,2024,293339,2,0.0,0.0
NC,North Carolina,2024,293399,4,0.0,0.0
NC,North Carolina,2024,293499,2,0.0,0.0
NJ,New Jersey,2024,283429,7,46000.0,200359.572
NJ,New Jersey,2024,290219,1,568.0,2469.091378007
NJ,New Jersey,2024,290519,1,1396.0,3953.8572561459
NJ,New Jersey,2024,290529,2,16480.0,1804141.6586517363
NJ,New Jersey,2024,291241,1,11692.0,261042.777648106
NJ,New Jersey,2024,291469,2,20160.0,326943.68806177034
NJ,New Jersey,2024,291521,1,3063.0,2030.9761594203
NJ,New Jersey,2024,291560,2,15480.0,79366.5717781016
NJ,New Jersey,2024,291720,1,809.0,4402.2288590944
NJ,New Jersey,2024,293090,3,15783.0,93336.7914887191
NJ,New Jersey,2024,293299,1,1232.0,14097.4132822649
NJ,New Jersey,2024,293329,1,1917.0,64940.6547634563
NJ,New Jersey,2024,293410,1,384.0,16666.7395555556
NJ,New Jersey,2024,310230,7,11500.0,43149.951
NJ,New Jersey,2024,330129,1,5802.0,66077.477179098
NJ,New Jersey,2024,392690,1,627.0,4084.8661310507
NJ,New Jersey,2024,980200,2,1766.0,0.0
NY,New York,2024,090420,2,12672.0,46689.1356378248
NY,New York,2024,290219,3,66021.0,165655.2033532422
NY,New York,2024,290369,2,12672.0,78408.0
NY,New York,2024,290399,6,88704.0,148465.0959977232
NY,New York,2024,290529,1,16096.0,1766576.9047013978
NY,New York,2024,290613,5,3576.0,54154.4487025376
NY,New York,2024,290621,2,53136.0,98467.8357521068
NY,New York,2024,291739,2,40400.0,173867.9682319378
NY,New York,2024,292211,12,242992.0,629092.6105316259
NY,New York,2024,293299,2,38268.0,450235.18901779095
NY,New York,2024,380110,1,20636.0,141729.0090556275
NY,New York,2024,400260,3,5738000.0,13760041.368404577
NY,New York,2024,570330,1,2889.0,10267.812354796302
NY,New York,2024,570339,1,2889.0,11315.3526147655
NY,New York,2024,570390,1,2889.0,8189.1567827628
OH,Ohio,2024,290930,1,347.0,3503.5319656791
OH,Ohio,2024,291100,1,675.0,25085.1343457944
OH,Ohio,2024,291560,1,2569.0,18463.2236053639
OH,Ohio,2024,382440,1,9939.0,16931.864354541
OH,Ohio,2024,382499,1,19878.0,35181.5016836219
OR,Oregon,2024,291412,10,191000.0,250228.31038904254
PA,Pennsylvania,2024,291521,1,3344.0,2217.2981642512
SC,South Carolina,2024,293399,1,1060.0,18771.3965266644
TN,Tennessee,2024,290220,1,1762.0,657.6554237357
TN,Tennessee,2024,291811,1,25140.0,47547.7032772763
TX,Texas,2024,150420,21,2100000.0,3414938.140625
TX,Texas,2024,151530,12,1200000.0,2183773.921875
TX,Texas,2024,152200,41,4100000.0,6778456.015625
TX,Texas,2024,280610,4,143.0,14.362
TX,Texas,2024,282749,1,0.0,0.0
TX,Texas,2024,283429,1,100000.0,52775.05859375
TX,Texas,2024,290342,11,1100000.0,762051.078125
TX,Texas,2024,290516,12,1200000.0,827216.08984375
TX,Texas,2024,290517,6,600000.0,611579.265625
TX,Texas,2024,290522,14,1400000.0,1384936.5078125
TX,Texas,2024,290539,2,200000.0,92971.5546875
TX,Texas,2024,290621,16,1600000.0,1144163.203125
TX,Texas,2024,290719,1,100000.0,52775.05859375
TX,Texas,2024,290949,12,1200000.0,816475.828125
TX,Texas,2024,291221,2,200000.0,185943.109375
TX,Texas,2024,291429,52,5200000.0,4365372.84375
TX,Texas,2024,291440,3,300000.0,204954.3359375
TX,Texas,2024,291524,3,300000.0,323344.4296875
TX,Texas,2024,291539,92,9200000.0,6974989.828125
TX,Texas,2024,291550,4,400000.0,337055.9453125
TX,Texas,2024,291560,16,1600000.0,1074214.265625
TX,Texas,2024,291570,3,300000.0,194812.015625
TX,Texas,2024,291590,3,300000.0,149094.859375
TX,Texas,2024,291612,1,100000.0,90929.3359375
TX,Texas,2024,291614,1,100000.0,90929.3359375
TX,Texas,2024,291619,1,100000.0,101420.71875
TX,Texas,2024,291712,2,200000.0,62554.4921875
TX,Texas,2024,291734,13,1222000.0,1128214.1137977375
TX,Texas,2024,291739,6,600000.0,594562.328125
TX,Texas,2024,291814,11,209670.0,592899.4458432555
TX,Texas,2024,291823,14,1400000.0,707232.578125
TX,Texas,2024,292021,5,500000.0,260582.8984375
TX,Texas,2024,292022,2,200000.0,207189.765625
TX,Texas,2024,292023,17,1700000.0,1509745.8515625
TX,Texas,2024,292090,50,5000000.0,3801589.5078125
TX,Texas,2024,292111,1,100000.0,101420.71875
TX,Texas,2024,292130,3,300000.0,202841.4375
TX,Texas,2024,292159,5,500000.0,392381.6171875
TX,Texas,2024,292320,18,1800000.0,1461944.7109375
TX,Texas,2024,292390,1,100000.0,96607.6875
TX,Texas,2024,292419,55,5500000.0,4051016.703125
TX,Texas,2024,293090,6,600000.0,375326.953125
TX,Texas,2024,293220,51,5100000.0,4279520.625
TX,Texas,2024,293299,5,500000.0,416069.8828125
TX,Texas,2024,293331,1,20000.0,125393.81443298967
TX,Texas,2024,293359,5,6152.0,249019.17705757509
TX,Texas,2024,293399,10,100.0,1940.4496307373047
TX,Texas,2024,293624,1,100000.0,101420.71875
TX,Texas,2024,293628,3,300000.0,173080.734375
TX,Texas,2024,330749,1,100000.0,198135.25
TX,Texas,2024,340241,2,200000.0,143464.265625
TX,Texas,2024,340242,2,200000.0,256148.859375
TX,Texas,2024,381129,2,200000.0,194043.296875
TX,Texas,2024,381190,21,2100000.0,1493646.6015625
TX,Texas,2024,382319,1,100000.0,47642.43359375
TX,Texas,2024,382499,38,3800000.0,2382418.96875
TX,Texas,2024,390521,5,500000.0,317664.4453125
TX,Texas,2024,390729,2,200000.0,138196.140625
TX,Texas,2024,400211,7,700000.0,609397.765625
TX,Texas,2024,400251,1,100000.0,80357.515625
TX,Texas,2024,400260,2,4502573.0,6698548.2477479745
TX,Texas,2024,620443,1,0.0,0.0
TX,Texas,2024,620610,1,0.0,0.0
TX,Texas,2024,722720,4,400000.0,289094.3359375
TX,Texas,2024,731010,1,100000.0,92355.2578125
TX,Texas,2024,731100,5,6711.0,11499.959
TX,Texas,2024,732690,5,1784.0,649.986
TX,Texas,2024,860900,60,6000000.0,7640956.28125
TX,Texas,2024,980200,2,33910.0,0.0
VA,Virginia,2024,170230,7,121804.0,113856.42035226761
WA,Washington,2024,291100,1,109.0,1731.1555989583
WA,Washington,2024,292249,1,3748.0,23801.5439298189
WA,Washington,2024,293399,1,501.0,16817.3050167271
WI,Wisconsin,2024,290559,1,275.0,16786.4902506964
WI,Wisconsin,2024,291219,1,640.0,3361.28
WI,Wisconsin,2024,291249,1,264.0,5180.529267093
WI,Wisconsin,2024,291829,1,660.0,2567.1687041565
WI,Wisconsin,2024,291830,1,334.0,5158.296
WI,Wisconsin,2024,293190,1,276.0,776.3189434577
CA,California,2025,281830,1,1005.0,1449.3376784606
CA,California,2025,284610,3,1760.0,22040.691519409098
CA,California,2025,290110,1,220.0,447.78
CA,California,2025,291090,2,3948.0,29724.3128210267
CA,California,2025,291539,1,15920.0,23067.0965250965
CA,California,2025,292242,1,110.0,247.5906175527
CA,California,2025,292249,24,47169.0,159441.5616152645
CA,California,2025,292250,7,14782.0,92221.6185963452
CA,California,2025,292419,1,1974.0,9026.6438499227
CA,California,2025,293040,1,387.0,3047.9530516432
CA,California,2025,293399,10,21539.0,338923.7807529272
CA,California,2025,392310,2,20098.0,104189.27265149841
CA,California,2025,790111,2,8064.0,23500.061875963398
CO,Colorado,2025,320611,1,6120.0,18512.7143472641
CT,Connecticut,2025,310230,1,15000.0,0.0
DE,Delaware,2025,280519,2,4029.0,245906.5482161029
GA,Georgia,2025,291461,2,44562.0,189388.5
GA,Georgia,2025,340290,1,990.0,2494.6061259477997
IA,Iowa,2025,290719,4,22176.0,154505.6812933026
IA,Iowa,2025,380110,5,55440.0,189838.9374456028
IA,Iowa,2025,890321,1,5544.0,77789.1803190776
IL,Illinois,2025,290529,1,1536.0,24338.0705882353
IL,Illinois,2025,290930,1,20000.0,246910.5526005928
IL,Illinois,2025,291560,1,212.0,3588.6399058696
IL,Illinois,2025,291590,1,19500.0,44516.9662921348
IL,Illinois,2025,294200,3,60000.0,175492.5492610837
KY,Kentucky,2025,291533,1,1543.0,1635.6118055556
KY,Kentucky,2025,291590,1,1179.0,6787.8716739007
KY,Kentucky,2025,293229,1,1543.0,12936.7669598431
KY,Kentucky,2025,330210,1,1543.0,11871.371679584
LA,Louisiana,2025,290511,1,5160.0,2055.5865264433
LA,Louisiana,2025,291719,1,1166.0,1337.656196257
MD,Maryland,2025,290519,1,1079.0,7354.3308419839
MD,Maryland,2025,291419,1,1079.0,17358.2753725263
MD,Maryland,2025,291539,1,1079.0,5476.1124593488
MD,Maryland,2025,293221,1,1254.0,20647.0709012194
MI,Michigan,2025,293319,1,9900.0,71902.7419354839
NC,North Carolina,2025,291469,1,12880.0,83074.85
NC,North Carolina,2025,292142,4,34320.0,152482.3299552101
NC,North Carolina,2025,292249,1,0.0,0.0
NJ,New Jersey,2025,283429,14,70003.0,239527.211
NJ,New Jersey,2025,290519,1,2224.0,14025.3357104358
NJ,New Jersey,2025,290621,10,358680.0,497119.7438644137
NJ,New Jersey,2025,291221,4,79750.0,166791.2406040233
NJ,New Jersey,2025,291440,2,3654.0,30198.834987852897
NJ,New Jersey,2025,291469,1,10080.0,45864.0
NJ,New Jersey,2025,291479,1,19940.0,582452.3963553531
NJ,New Jersey,2025,291521,2,13334.0,28421.244659090902
NJ,New Jersey,2025,291539,9,418900.0,506952.67989645153
NJ,New Jersey,2025,291560,2,5585.0,43056.3354067724
NJ,New Jersey,2025,291590,3,4222.0,56435.79495228519
NJ,New Jersey,2025,292151,2,45500.0,245954.8336697369
NJ,New Jersey,2025,293190,1,16830.0,42703.2245106383
NJ,New Jersey,2025,293229,2,3863.0,54579.2246966047
NJ,New Jersey,2025,293299,4,5497.0,50962.8868936506
NJ,New Jersey,2025,310230,13,28500.0,103608.319
NJ,New Jersey,2025,330129,1,1125.0,24854.1054982087
NJ,New Jersey,2025,330749,1,562.0,1396.8158384169
NJ,New Jersey,2025,340211,2,52590.0,117734.62372124402
NJ,New Jersey,2025,380110,1,405.0,515.742093897
NJ,New Jersey,2025,380893,1,0.0,0.0
NJ,New Jersey,2025,392321,1,10080.0,18736.839081840197
NY,New York,2025,281520,1,22542.0,22747.4815350877
NY,New York,2025,290369,5,52800.0,279180.0
NY,New York,2025,290399,5,52800.0,82962.763505229
NY,New York,2025,290539,3,63000.0,175208.2214563287
NY,New York,2025,290613,9,7233.0,92607.4003737919
NY,New York,2025,290621,7,145000.0,188500.0
NY,New York,2025,290629,1,19328.0,134047.9521881293
NY,New York,2025,290729,1,0.0,0.0
NY,New York,2025,293299,3,60791.0,782261.7033136575
NY,New York,2025,390720,2,42000.0,174612.4651810586
NY,New York,2025,400260,5,8162000.0,19807077.16424451
OH,Ohio,2025,291100,1,845.0,22216.6205837174
OH,Ohio,2025,291419,1,1882.0,19987.7459245502
OH,Ohio,2025,291539,2,1780.0,5594.7906458616
OH,Ohio,2025,291560,2,2851.0,30893.9123053998
OH,Ohio,2025,291899,2,380.0,6097.962302598
OH,Ohio,2025,293212,1,779.0,560.824959345
OH,Ohio,2025,382499,1,1428.0,4653.0138405333
PA,Pennsylvania,2025,291440,2,2545.0,22699.625683426
PA,Pennsylvania,2025,291521,3,7494.0,15390.3236967418
PA,Pennsylvania,2025,291590,1,4354.0,29917.654883264397
PA,Pennsylvania,2025,293399,1,0.0,0.0
PA,Pennsylvania,2025,293499,1,0.0,0.0
TN,Tennessee,2025,290220,2,3564.0,13889.4171428572
TN,Tennessee,2025,291811,1,25140.0,40658.3633333333
TX,Texas,2025,151620,2,200000.0,325105.46875
TX,Texas,2025,271019,2,200000.0,240697.2890625
TX,Texas,2025,280610,1,13.0,1.314
TX,Texas,2025,290516,5,500000.0,331689.72265625
TX,Texas,2025,290522,4,400000.0,158325.17578125
TX,Texas,2025,290621,16,1439850.0,816720.5716709942
TX,Texas,2025,291429,8,800000.0,384464.78125
TX,Texas,2025,291539,33,3300000.0,2374503.27734375
TX,Texas,2025,291550,2,200000.0,149094.859375
TX,Texas,2025,291560,14,1400000.0,870583.28125
TX,Texas,2025,291712,5,500000.0,298189.71875
TX,Texas,2025,291733,1,100000.0,86540.3671875
TX,Texas,2025,291823,5,500000.0,298189.71875
TX,Texas,2025,291899,2,200000.0,149094.859375
TX,Texas,2025,292021,2,200000.0,149094.859375
TX,Texas,2025,292022,4,400000.0,149094.859375
TX,Texas,2025,292023,2,200000.0,149094.859375
TX,Texas,2025,292090,6,600000.0,408715.9609375
TX,Texas,2025,292119,2,200000.0,86540.3671875
TX,Texas,2025,292143,10,1000000.0,778863.3046875
TX,Texas,2025,292159,1,100000.0,86540.3671875
TX,Texas,2025,292419,10,1000000.0,730891.5546875
TX,Texas,2025,293090,1,100000.0,62554.4921875
TX,Texas,2025,293220,14,1400000.0,1053067.1484375
TX,Texas,2025,381121,1,100000.0,75035.7265625
TX,Texas,2025,381129,17,1700000.0,1301940.578125
TX,Texas,2025,382200,3,3570.0,156629.91131357691
TX,Texas,2025,382440,1,19878.0,17529.9408225337
TX,Texas,2025,382499,5,500000.0,290430.1171875
TX,Texas,2025,390521,5,500000.0,400542.1640625
TX,Texas,2025,400260,1,3000000.0,8388948.621962376
TX,Texas,2025,731100,3,5553.0,4900.0
TX,Texas,2025,732690,3,839.0,399.993
UT,Utah,2025,090111,1,548.0,3692.928035301
UT,Utah,2025,392690,1,548.0,1256.2920717218
VA,Virginia,2025,170230,8,151432.0,142085.4903486351
WI,Wisconsin,2025,283510,1,2016.0,5120.640000000001
WI,Wisconsin,2025,290559,2,550.0,3638.5485400549005
WI,Wisconsin,2025,291440,1,448.0,10809.2384055459
WI,Wisconsin,2025,291570,1,205.0,515.2720125786
WI,Wisconsin,2025,291590,1,64.0,373.3520467836
WI,Wisconsin,2025,291829,1,1100.0,4465.7108721625
WI,Wisconsin,2025,293399,1,295.0,2695.8460446113
CA,California,2026,292242,1,110.0,0.0
CA,California,2026,292249,3,2660.0,0.0
CA,California,2026,292250,2,3300.0,0.0
CA,California,2026,292419,1,1908.0,0.0
CA,California,2026,293090,1,1792.0,0.0
NC,North Carolina,2026,292142,1,11440.0,0.0
NJ,New Jersey,2026,291539,1,19890.0,0.0
TX,Texas,2026,290522,2,200000.0,92971.5546875
TX,Texas,2026,291539,2,200000.0,92971.5546875
TX,Texas,2026,291899,1,100000.0,0.0
TX,Texas,2026,292090,1,100000.0,86540.3671875
TX,Texas,2026,292390,2,200000.0,173080.734375
TX,Texas,2026,292419,2,200000.0,173080.734375
TX,Texas,2026,293090,2,200000.0,173080.734375
TX,Texas,2026,691090,1,100000.0,8734.083984375
WA,Washington,2026,400260,1,2101000.0,0.0
WI,Wisconsin,2026,290559,1,550.0,0.0
